,lat,long,price
0,47.598523529411764,-122.18620588235294,765000.0
1,47.34546666666667,-122.16633333333334,246550.00000000006
2,47.599163157894736,-122.23589473684211,1700000.0
3,47.62291555555556,-122.22768888888889,489993.77777777775
4,47.620400000000004,-122.24366666666667,2580000.0
5,47.623484210526314,-122.18084210526315,1210000.0
6,47.5446746835443,-122.23260759493671,364993.2405063292
7,47.62776808510638,-122.22936170212766,605001.6808510638
8,47.62097857142857,-122.176,959992.857142857
9,47.5943,-122.11,3570000.0
10,47.628816666666665,-122.2418888888889,1450000.0
11,47.4966,-122.187,141800.0
12,47.619,-122.2565,2190000.0
13,47.48665,-122.238,421500.0
14,47.46265714285714,-122.20542857142857,312009.52380952385
15,47.616676744186044,-122.21553488372093,689998.8372093023
16,47.624092857142855,-122.23358928571429,849998.9285714286
17,47.6324336,-122.226384,524999.408
18,47.6053,-122.077,3080000.0
19,47.6274,-122.257,1910000.0
20,47.630173684210526,-122.26436842105264,1100000.0
21,47.38727272727273,-122.21154545454546,194996.66666666674
22,47.62093333333333,-122.25277777777778,1320000.0
23,47.63662272727273,-122.23069696969696,564996.2121212122
24,47.62470735294118,-122.21826470588235,454994.85294117645
25,47.633595,-122.2518,1600000.0
26,47.59713333333333,-122.30133333333333,647500.0
27,47.629333333333335,-122.20933333333333,2350000.0
28,47.597612500000004,-122.21554166666667,1030000.0
29,47.46633428571428,-122.2364,275000.0285714286
30,47.629616363636366,-122.20029090909091,799991.2727272728
31,47.605,-122.22766666666666,921000.0
32,47.5136,-122.19591666666666,386023.3333333334
33,47.552740625,-122.23910416666666,344995.83333333343
34,47.6453,-122.41,2800000.0
35,47.61176666666667,-122.21633333333332,1820000.0
36,47.64705,-122.3275,2950000.0
37,47.6726,-122.371,734200.0
38,47.4204,-122.26518421052631,209991.73684210534
39,47.604607692307695,-122.20069230769231,1380000.0
40,47.5954,-122.206,2080000.0
41,47.59709375,-122.226625,1160000.0
42,47.626933333333334,-122.19088888888889,889994.4444444445
43,47.61172,-122.2689,1250000.0
44,47.663325,-122.29650000000001,1530000.0
45,47.53561357142857,-122.2229,325000.6285714287
46,47.5864,-122.2655,3400000.0
47,47.627715384615385,-122.27207692307692,989991.5384615385
48,47.588971428571426,-122.21689285714285,544993.7321428572
49,47.598642857142856,-122.13128571428571,627000.0
50,47.61910538461539,-122.25050769230769,399999.8846153847
51,47.454736363636364,-122.21727272727273,290990.9090909091
52,47.3882,-122.226,227485.0
53,47.3026,-122.363,89000.0
54,47.65976923076923,-122.2553076923077,588000.0
55,47.62299333333333,-122.1942,436983.4666666667
56,47.6217,-122.239,2680000.0
57,47.60278,-122.25,2450000.0
58,47.560266666666664,-122.15733333333333,713000.0
59,47.4273,-122.259,170500.0
60,47.630697142857144,-122.22108571428572,669992.5142857142
61,47.6318,-122.255,1980000.0
62,47.61991515151515,-122.21222727272728,509995.45454545453
63,47.6759,-122.151,819900.0
64,47.585,-122.222,3850000.0
65,47.44728823529412,-122.22514705882352,264995.5882352942
66,47.6162,-122.2701111111111,2250000.0
67,47.624676923076926,-122.22846153846154,1290000.0
68,47.608549999999994,-122.32625,464937.5
69,47.61908571428572,-122.21385714285714,1650000.0
70,47.614925,-122.204375,1750000.0
71,47.62845,-122.214,3200000.0
72,47.63890909090909,-122.19627272727273,779996.590909091
73,47.62693888888889,-122.15327777777777,1060000.0
74,47.48614111111111,-122.20867777777778,304997.7666666667
75,47.6276625,-122.214875,1490000.0
76,47.6409,-122.241,3640000.0
77,47.61187777777778,-122.236,2400000.0
78,47.63487837837838,-122.25537837837838,579999.7972972973
79,47.62713333333333,-122.22820689655173,749995.3333333334
80,47.6503,-122.41,868000.0
81,47.63742743362832,-122.22415044247788,474994.73451327434
82,47.6234875,-122.255,2300000.0
83,47.63144714285714,-122.23499285714286,499999.85
84,47.60233282442748,-122.25107633587787,374999.92366412224
85,47.62114444444445,-122.24233333333333,1130000.0
86,47.62386095238095,-122.25238095238095,414998.0857142857
87,47.42315,-122.19,118062.5
88,47.617325,-122.22975,939000.0
89,47.54665238095238,-122.24504761904763,354995.8452380953
90,47.61421428571429,-122.27171428571428,1570000.0
91,47.62545,-122.2595,2140000.0
92,47.61707777777778,-122.26822222222222,1400000.0
93,47.633449999999996,-122.28649999999999,2890000.0
94,47.6445,-122.299,1340000.0
95,47.57286153846154,-122.24353846153846,334000.6923076923
96,47.378639393939395,-122.26018181818182,184993.93939393945
97,47.62764,-122.232,3000000.0
98,47.60953333333333,-122.24433333333333,1870000.0
99,47.6718,-122.366,658533.3333333333
100,47.42440481927711,-122.24689156626506,234995.46987951815
101,47.643566666666665,-122.14833333333333,828983.3333333333
102,47.63563055555556,-122.21519444444445,540000.0
103,47.45384545454546,-122.233,257001.5
104,47.61199415584416,-122.23313636363636,449999.9285714286
105,47.62285833333333,-122.23591666666667,614996.9791666666
106,47.60234897959184,-122.20700000000001,554994.081632653
107,47.624819277108436,-122.24334939759036,699999.1445783133
108,47.5967,-122.06,638200.0
109,47.6128,-122.23819999999999,2500000.0
110,47.606818181818184,-122.21277272727272,1080000.0
111,47.63333333333333,-122.2591,899995.0
112,47.62398888888889,-122.24185555555556,429997.77777777775
113,47.635171428571425,-122.26709523809524,1010000.0
114,47.414307692307695,-122.18426923076923,160004.96153846156
115,47.6181,-122.284,2550000.0
116,47.62235,-122.152,1790000.0
117,47.65044,-122.2606,1180000.0
118,47.402975,-122.19475,297000.0
119,47.6177,-122.229,2720000.0
120,47.619550000000004,-122.209,1940000.0
121,47.599464705882355,-122.24535294117648,1350000.0
122,47.5794,-122.1095,722966.6666666666
123,47.63036037735849,-122.22307547169811,679998.3962264151
124,47.525999999999996,-122.234,282528.25
125,47.593492857142856,-122.23992857142856,1260000.0
126,47.6204,-122.23746666666666,969996.0
127,47.39319090909091,-122.26881818181819,217000.0
128,47.411625,-122.231,319487.5
129,47.59415348837209,-122.21393023255814,949994.6511627907
130,47.6210947368421,-122.29794736842105,1230000.0
131,47.624296551724136,-122.20889655172414,839991.0344827587
132,47.634625,-122.31675,2050000.0
133,47.6191986013986,-122.2306013986014,550000.7342657342
134,47.3868,-122.2145,204000.00000000006
135,47.6395,-122.234,3710000.0
136,47.377156,-122.15564,269934.0
137,47.62684719101124,-122.23567415730338,599999.8314606742
138,47.62584761904762,-122.15895238095239,795000.0
139,47.558987037037035,-122.22843827160494,349999.93827160506
140,47.62127058823529,-122.18341176470588,809995.5882352942
141,47.57255833333333,-122.11675,572001.25
142,47.61627444444444,-122.2350111111111,529995.3111111111
143,47.66096363636363,-122.18663636363637,482000.0
144,47.604304444444445,-122.249,1050000.0
145,47.44802,-122.234,239920.0
146,47.60185,-122.10475,516000.0
147,47.57039375,-122.242625,369991.9062500001
148,47.626044444444446,-122.25555555555556,1550000.0
149,47.60197,-122.2871,406010.0
150,47.63575151515152,-122.25663636363636,999996.9393939395
151,47.638090909090906,-122.25427272727272,879988.6363636365
152,47.617716216216216,-122.2439054054054,394995.25675675675
153,47.6264,-122.24057142857143,1850000.0
154,47.6326,-122.216,2640000.0
155,47.68194666666667,-122.2186,442505.8666666667
156,47.62755,-122.21625,1690000.0
157,47.47235,-122.17495454545455,359940.90909090906
158,47.52209411764706,-122.23288235294117,338002.9411764706
159,47.53573859649123,-122.23064912280702,329999.8596491229
160,47.60347222222222,-122.23633333333333,1200000.0
161,47.661,-122.22099999999999,1420000.0
162,47.61470588235294,-122.23188235294118,1500000.0
163,47.450413636363635,-122.21331818181818,149995.4545454546
164,47.56515,-122.12325,561000.0
165,47.54450987654321,-122.24266666666666,380000.0
166,47.63765,-122.1705,861055.5
167,47.623266666666666,-122.298,1630000.0
168,47.635189795918365,-122.21275510204082,619999.7346938775
169,47.60183333333333,-122.16933333333333,912000.0
170,47.60587857142857,-122.24814285714285,980000.0
171,47.49355,-122.184,519500.0
172,47.7612,-122.381,2010000.0
173,47.54085,-122.26925,129986.0
174,47.62059473684211,-122.24884210526317,1070000.0
175,47.63405161290323,-122.27293548387097,1300000.0
176,47.60861931034483,-122.22800689655172,424997.2413793104
177,47.6451,-122.252,1470000.0
178,47.58745,-122.239,1730000.0
179,47.61849230769231,-122.25792307692308,929996.1538461538
180,47.648,-122.218,3350000.0
181,47.62415,-122.14875,772537.5
182,47.63328,-122.20791428571428,739994.2571428572
183,47.614675,-122.23795588235294,494998.67647058825
184,47.4418256,-122.238544,249997.60000000003
185,47.62649242424242,-122.2066212121212,674999.2424242424
186,47.60715,-122.2259,1900000.0
187,47.6241,-122.29105555555556,1330000.0
188,47.61512666666667,-122.25713333333333,1390000.0
189,47.6204,-122.20695744680852,759996.7021276597
190,47.61832727272727,-122.18431818181818,469992.36363636365
191,47.6179425,-122.2332625,459990.4375
192,47.69283333333333,-122.129,534950.0
193,47.629866666666665,-122.26261111111111,1190000.0
194,47.6656,-122.28,506000.0
195,47.62759411764706,-122.1964705882353,1040000.0
196,47.60155,-122.25999999999999,2100000.0
197,47.618300000000005,-122.16,2750000.0
198,47.597353846153844,-122.22538461538461,1580000.0
199,47.50352837837838,-122.23647972972972,299995.98648648657
200,47.61882307692308,-122.231,1270000.0
201,47.620936585365854,-122.22775609756097,664997.5609756098
202,47.4089,-122.24549999999999,179000.0
203,47.63923,-122.2273,594992.9
204,47.37354117647059,-122.24841176470588,199941.17647058825
205,47.61696923076923,-122.26653846153846,1220000.0
206,47.5876,-122.27053333333333,1280000.0
207,47.5798,-122.11250000000001,610717.5
208,47.61130769230769,-122.21923076923078,1240000.0
209,47.5851,-122.22584615384615,408015.3846153846
210,47.57312254901961,-122.22406862745098,389995.9607843138
211,47.558,-122.155,787972.0
212,47.42545471698113,-122.24864150943397,220000.00000000012
213,47.614306666666664,-122.21893333333334,1090000.0
214,47.5701,-122.188,2850000.0
215,47.418342307692306,-122.1838076923077,287003.8461538462
216,47.617216,-122.14432,1150000.0
217,47.63927407407407,-122.25292592592592,705000.0
218,47.6354,-122.221,2330000.0
219,47.424195555555556,-122.24077777777778,260000.00000000006
220,47.6192525,-122.2427,685002.5
221,47.591025,-122.19975,1170000.0
222,47.49889043478261,-122.21496521739131,314996.20000000007
223,47.4228975,-122.225125,189991.25000000006
224,47.514,-122.359,102500.0
225,47.592214285714284,-122.16757142857142,2200000.0
226,47.641133333333336,-122.26633333333334,2230000.0
227,47.63691428571428,-122.23474285714286,874998.5714285715
228,47.39604736842105,-122.23826315789474,278000.0
229,47.62763076923077,-122.27946153846153,1110000.0
230,47.6176,-122.31561538461538,1310000.0
231,47.60419230769231,-122.19438461538462,1140000.0
232,47.646233333333335,-122.177,2700000.0
233,47.607275,-122.1435625,695000.0
234,47.63428571428572,-122.26585714285714,1020000.0
235,47.6199,-122.23645454545455,1480000.0
236,47.6263,-122.284,2920000.0
237,47.60185,-122.2795,2380000.0
238,47.62166111111111,-122.18811111111111,447000.27777777775
239,47.622600000000006,-122.23949999999999,1960000.0
240,47.57085,-122.1645,2600000.0
241,47.581133333333334,-122.23833333333333,856000.0
242,47.6251,-122.218,3170000.0
243,47.598955555555555,-122.24377777777778,1440000.0
244,47.619248,-122.21524,484997.9733333333
245,47.64163333333333,-122.25644444444444,1430000.0
246,47.5850375,-122.12575,653000.0
247,47.63774,-122.2274,1680000.0
248,47.63661,-122.21940000000001,1360000.0
249,47.60554,-122.2353,1800000.0
250,47.582411111111114,-122.31644444444444,1120000.0
251,47.63117222222222,-122.19461111111112,730000.0555555555
252,47.61010782608696,-122.22017391304348,439995.347826087
253,47.632075,-122.244,1880000.0
254,47.640257142857145,-122.23528571428571,1950000.0
255,47.422316455696205,-122.24437974683545,229999.97468354437
256,47.63437555555556,-122.24782222222223,629994.4444444445
257,47.620725,-122.2685,719000.0
258,47.63172592592593,-122.24534567901235,574996.913580247
259,47.614705,-122.20385,804999.75
260,47.6036,-122.20400000000001,1770000.0
261,47.438538095238094,-122.25538095238095,164990.85714285722
262,47.58232,-122.2554,340500.0
263,47.40256511627907,-122.21891860465117,225000.93023255822
264,47.60065,-122.21,3100000.0
265,47.63108965517242,-122.24131034482758,925000.0
266,47.5925,-122.287,3600000.0
267,47.431355172413795,-122.2211264367816,254997.36781609204
268,47.61186,-122.23186666666666,895000.0
269,47.62995,-122.26650000000001,824000.0
270,47.641018018018016,-122.23962162162162,649997.2072072073
271,47.6112,-122.2595,2480000.0
272,47.56864,-122.2422,1410000.0
273,47.58168,-122.2274,1510000.0
274,47.636191304347825,-122.19321739130434,834991.0869565217
275,47.60376,-122.2602,1780000.0
276,47.60028333333333,-122.21016666666667,1370000.0
277,47.59578333333334,-122.16672222222222,745000.0
278,47.62469672131147,-122.22655737704918,585002.2459016393
279,47.52006019417476,-122.22040776699029,309993.6893203885
280,47.60263125,-122.204475,479993.0
281,47.62975,-122.20651923076923,634995.1923076923
282,47.627003,-122.21794,434997.85
283,47.6199,-122.245,1560000.0
284,47.4454,-122.23238888888889,174997.30555555562
285,47.4771802631579,-122.22694736842105,294994.06578947377
286,47.65685,-122.23849999999999,907000.0
287,47.637975,-122.264,2540000.0
288,47.63385,-122.25666666666667,1740000.0
289,47.49584,-122.126,419930.0
290,47.62340714285715,-122.2,754996.357142857
291,47.40403333333333,-122.16833333333334,214948.6666666667
292,47.44936666666666,-122.27133333333333,135000.00000000006
293,47.65553333333333,-122.2445,1540000.0
294,47.624,-122.2,816000.0
295,47.60579887640449,-122.22803370786517,409994.3820224719
296,47.60285,-122.20866666666667,1620000.0
297,47.657575,-122.29875,2150000.0
298,47.573,-122.2268,1610000.0
299,47.398725,-122.28575000000001,156000.0
300,47.601171428571426,-122.26435714285714,884992.8571428572
301,47.4943,-122.337,114000.0
302,47.6672,-122.331,709010.0
303,47.4982,-122.345,272750.0
304,47.617383333333336,-122.237,2000000.0
305,47.600605882352944,-122.23805882352941,975000.0
306,47.6155,-122.238,2270000.0
307,47.60655454545454,-122.2325,569992.9090909091
308,47.64772,-122.133,642972.4
309,47.4186043956044,-122.24668131868133,244998.3516483517
310,47.59832602739726,-122.21678082191781,444997.2602739726
311,47.5845,-122.27066666666667,1460000.0
312,47.48779090909091,-122.21863636363636,252486.36363636365
313,47.6562,-122.14025000000001,775962.5
314,47.5171,-122.347,279800.0
315,47.552814285714284,-122.19952380952381,382996.14285714284
316,47.35916666666667,-122.263,125000.0
317,47.612508235294115,-122.23451764705882,624995.8823529412
318,47.603680000000004,-122.2782,1710000.0
319,47.62396666666667,-122.26733333333333,2900000.0
320,47.64899,-122.2266,845000.0
321,47.63866,-122.2084,994990.0
322,47.5648,-122.21,2030000.0
323,47.622175,-122.2975,1930000.0
324,47.5984,-122.092,962800.0
325,47.617866,-122.22918,639994.4199999999
326,47.619818333333335,-122.22086666666667,724996.2666666667
327,47.39475,-122.19207142857142,207996.42857142864
328,47.6435,-122.30433333333333,1810000.0
329,47.57886,-122.17179999999999,1520000.0
330,47.47467564102564,-122.25025641025641,285000.85897435906
331,47.4336,-122.2377,262499.99999999994
332,47.61035,-122.1445,785975.0
333,47.40415,-122.22661111111111,267002.7777777778
334,47.620275,-122.31700000000001,1660000.0
335,47.624042424242425,-122.2109393939394,715000.0
336,47.53239473684211,-122.24321052631579,348011.3157894737
337,47.61025,-122.2005,1890000.0
338,47.61425,-122.2595,307225.0
339,47.63305,-122.245,3650000.0
340,47.6083,-122.2105,2320000.0
341,47.63932658227848,-122.2196075949367,405002.53164556966
342,47.6139,-122.30699999999999,591000.0
343,47.45901333333333,-122.18306666666666,303011.3333333334
344,47.612966666666665,-122.23966666666666,1970000.0
345,47.62167142857143,-122.246,352496.35714285716
346,47.6209,-122.237,3420000.0
347,47.62016666666667,-122.26083333333334,413009.5
348,47.620225,-122.25633333333333,935008.3333333333
349,47.63965,-122.166,502737.5
350,47.58052857142857,-122.23335714285714,397487.85714285716
351,47.632000000000005,-122.29,1720000.0
352,47.58922,-122.25319999999999,945000.0
353,47.59016666666667,-122.18233333333333,789862.6666666666
354,47.56113333333333,-122.232,361978.8888888889
355,47.625299999999996,-122.271,1760000.0
356,47.623060869565215,-122.26826086956521,402000.0
357,47.614039999999996,-122.225,557502.0
358,47.617333333333335,-122.244,1990000.0
359,47.5946,-122.2098,321995.0
360,47.50847926829268,-122.21992682926829,289999.9756097562
361,47.62159230769231,-122.25676923076924,392483.8461538461
362,47.60382,-122.2686,985000.0
363,47.58949166666667,-122.19375,433007.5
364,47.464133333333336,-122.23166666666667,327506.1111111111
365,47.61322727272727,-122.20924242424242,769998.9696969697
366,47.65402,-122.2886,467500.0
367,47.624575862068966,-122.2241724137931,655003.448275862
368,47.616925,-122.2375,538000.0
369,47.52296,-122.1276,418479.0
370,47.5812,-122.25516666666667,457500.0
371,47.638,-122.23295,865000.0
372,47.63605714285714,-122.19228571428572,521985.71428571426
373,47.562619047619044,-122.19538095238096,357989.19047619053
374,47.4481,-122.338,608250.0
375,47.508399999999995,-122.35149999999999,514600.0
376,47.653800000000004,-122.245,2180000.0
377,47.590333333333334,-122.32566666666666,1640000.0
378,47.617792307692305,-122.20761538461538,915000.0
379,47.56909,-122.2502,427505.0
380,47.5045,-122.251,335750.0
381,47.4388,-122.117,368750.0
382,47.63225142857143,-122.21568571428571,645000.0
383,47.6303,-122.362,3070000.0
384,47.61886,-122.28020000000001,378502.0
385,47.40603333333333,-122.31133333333334,147066.66666666663
386,47.72255,-122.1885,488500.0
387,47.62000833333333,-122.27691666666666,552527.0833333334
388,47.58072222222222,-122.20011111111111,372488.8888888889
389,47.396950000000004,-122.3005,95000.0
390,47.63311111111111,-122.185,533012.4444444445
391,47.43142857142857,-122.20614285714285,243000.0
392,47.4727,-122.27,83000.0
393,47.424350000000004,-122.23400000000001,237517.0
394,47.643209999999996,-122.22806,659995.0
395,47.509342857142855,-122.21978571428572,317000.0
396,47.43886,-122.2754,110000.0
397,47.527272727272724,-122.21736363636364,341997.7272727273
398,47.40625,-122.20208333333333,231979.16666666674
399,47.649141666666665,-122.18225,463000.0
400,47.6708,-122.262,1860000.0
401,47.617999999999995,-122.203,870407.5
402,47.40945294117647,-122.24164705882353,212000.00000000006
403,47.6427,-122.363,955500.0
404,47.62627,-122.2576,476990.0
405,47.6182,-122.215,1590000.0
406,47.606811111111114,-122.24088888888889,452997.22222222225
407,47.59693333333333,-122.21916666666667,542470.8333333334
408,47.6321,-122.393,2160000.0
409,47.6335125,-122.239875,527025.0
410,47.6178,-122.209,2260000.0
411,47.64423636363637,-122.24927272727273,499007.8787878788
412,47.40314285714285,-122.26392857142856,222000.0
413,47.6134,-122.282,1670000.0
414,47.6289,-122.205,2070000.0
415,47.6344,-122.214,2290000.0
416,47.7159,-122.251,2210000.0
417,47.5636,-122.231,2490000.0
418,47.614466666666665,-122.20455555555556,672491.5555555555
419,47.6425,-122.20224999999999,508437.5
420,47.62780909090909,-122.21045454545454,472981.8181818182
421,47.5683,-122.188,2110000.0
422,47.5707,-122.217,1840000.0
423,47.6287,-122.0854,622990.0
424,47.621312987012985,-122.22767532467532,559995.4545454546
425,47.623,-122.218,2410000.0
426,47.6361,-122.366,2630000.0
427,47.38595,-122.19,197475.0
428,47.6702,-122.26,2530000.0
429,47.68275,-122.29275,547500.0
430,47.603224137931036,-122.26136781609195,384998.27586206904
431,47.64582857142857,-122.13314285714286,762450.0
432,47.395935,-122.26075,204998.62500000006
433,47.4939,-122.3,182200.0
434,47.5295625,-122.223625,332505.5
435,47.6899,-122.217,2650000.0
436,47.5358,-122.213,2370000.0
437,47.6646,-122.208,2570000.0
438,47.3518,-122.20066666666666,298916.6666666667
439,47.574714285714286,-122.2,567500.0
440,47.578966666666666,-122.093,633000.0
441,47.497336363636364,-122.22845454545455,387972.8181818182
442,47.410700000000006,-122.27,192500.0
443,47.664966666666665,-122.22633333333333,687500.0
444,47.6991,-122.235,2130000.0
445,47.38738,-122.2264,152000.0
446,47.6277,-122.2259090909091,497000.0
447,47.6461,-122.19166666666666,696991.6666666666
448,47.3768,-122.149,139500.0
449,47.59436,-122.182,965000.0
450,47.5978,-122.038,668000.0
451,47.45051818181818,-122.17818181818181,293000.0
452,47.6896,-122.30975000000001,582500.0
453,47.634725,-122.3125,852000.0
454,47.64691666666667,-122.22783333333334,577491.6666666666
455,47.5526,-122.142,812500.0
456,47.586650000000006,-122.238,782950.0
457,47.428940000000004,-122.2752,121959.99999999994
458,47.42235,-122.250625,202025.0
459,47.5346,-122.185,602500.0
460,47.6294875,-122.25931250000001,799012.5
461,47.5873,-122.29,908800.0
462,47.74433333333334,-122.179,492550.0
463,47.50808333333333,-122.14,589476.6666666666
464,47.6125,-122.211,562500.0
465,47.65105238095238,-122.20519047619048,517990.4761904762
466,47.49605,-122.333,187275.0
467,47.68043333333333,-122.287,677868.3333333333
468,47.591575000000006,-122.167,598513.75
469,47.641975,-122.08825,692500.0
470,47.63430816326531,-122.21679591836735,774995.6734693878
471,47.64508571428571,-122.27142857142857,512500.0
472,47.556866666666664,-122.13866666666667,802513.6666666666
473,47.435457142857146,-122.28514285714286,248500.0
474,47.41877619047619,-122.23633333333333,269002.380952381
475,47.4009,-122.2616,167999.99999999994
476,47.6065,-122.2165,662550.0
477,47.6612,-122.148,732350.0
478,47.62765,-122.225075,825001.25
479,47.70205,-122.25025,614000.0
480,47.33043333333333,-122.31866666666667,172460.0
481,47.6742,-122.303,767250.0
482,47.63789047619048,-122.23185714285714,504999.40476190473
483,47.5079,-122.253625,367000.0
484,47.6288,-122.23700000000001,747483.3333333333
485,47.6209,-122.052,807500.0
486,47.59150909090909,-122.188,905000.0
487,47.62102368421053,-122.21402631578947,720001.8157894737
488,47.63234166666667,-122.24133333333333,422983.3333333334
489,47.585235714285716,-122.24321428571429,398998.2142857143
490,47.64143333333333,-122.214,898998.6666666667
491,47.61465384615384,-122.20973076923077,734999.6153846154
492,47.60825,-122.3485,416393.0
493,47.61972972972973,-122.223,710004.0540540541
494,47.310249999999996,-122.386,218250.0
495,47.627066666666664,-122.27366666666666,738000.0
496,47.523801923076924,-122.22078846153846,334992.06730769237
497,47.614666666666665,-122.219,742500.0
498,47.501803333333335,-122.22391666666667,319990.58333333343
499,47.654666666666664,-122.17333333333333,593505.6666666666
500,47.602500000000006,-122.2875,727500.0
501,47.388616666666664,-122.19816666666667,241433.33333333337
502,47.5839,-122.212,438775.0
503,47.4544,-122.357,353750.0
504,47.6484,-122.3455,952000.0
505,47.3369,-122.275,162500.0
506,47.616550000000004,-122.1515,716507.0
507,47.65306666666667,-122.22311111111111,618003.3333333334
508,47.58225,-122.17150000000001,858000.0
509,47.49006956521739,-122.21704347826088,339931.5652173913
510,47.3459,-122.334,276200.0
511,47.511,-122.359,106000.0
512,47.3936,-122.2379375,257996.87500000006
513,47.6635,-122.224,932995.0
514,47.63892,-122.2714,486996.8
515,47.6724,-122.19133333333333,752500.0
516,47.408316666666664,-122.18738888888889,234000.00000000006
517,47.638675,-122.11425,833000.0
518,47.6318,-122.21316,830004.0
519,47.2265,-122.1125,346295.0
520,47.6324,-122.26966666666667,848000.0
521,47.6019,-122.17525,968015.0
522,47.56961428571429,-122.17442857142856,998022.857142857
523,47.61625,-122.397,703005.5
524,47.5713,-122.21583333333334,707000.0
525,47.61094,-122.2216,682000.0
526,47.61116666666667,-122.306,448500.0
527,47.434936842105266,-122.20884210526316,289000.0
528,47.629175000000004,-122.26575,452014.5833333334
529,47.636125,-122.3215,536537.5
530,47.390275,-122.24225,100000.0
531,47.63849,-122.2031,612002.5
532,47.63175714285714,-122.24157142857143,381985.7142857143
533,47.543549999999996,-122.007,942500.0
534,47.618,-122.20075,919997.5
535,47.5322,-122.391,756450.0
536,47.629856,-122.18012,859993.6000000001
537,47.49757619047619,-122.31257142857143,228980.95238095243
538,47.578170588235295,-122.23764705882353,430997.64705882355
539,47.404799999999994,-122.215,323450.0
540,47.68175,-122.241,988000.0
541,47.40135625,-122.1863125,309000.75
542,47.443200000000004,-122.26849999999999,281600.0
543,47.64155,-122.1505,456030.0
544,47.5289,-122.23027777777777,305997.22222222225
545,47.55017857142857,-122.18764285714286,355989.2857142857
546,47.6328,-122.197,791500.0
547,47.7326,-122.307,376500.0
548,47.455933333333334,-122.227,292000.9523809524
549,47.59332727272727,-122.22277272727273,389004.54545454547
550,47.48906153846154,-122.23223076923077,313007.0
551,47.63876666666667,-122.313,842500.0
552,47.5972,-122.24928571428572,657020.5714285714
553,47.6392,-122.18925,403000.0
554,47.41626875,-122.23925,179981.25000000006
555,47.491661111111114,-122.22227777777778,302006.05555555556
556,47.586533333333335,-122.20758333333333,344007.3333333334
557,47.621125,-122.18529166666667,814991.3333333334
558,47.59985909090909,-122.13463636363636,785006.8181818182
559,47.424125000000004,-122.2695,158000.0
560,47.582166666666666,-122.28373333333333,412000.0
561,47.68736470588235,-122.26970588235294,436006.4705882353
562,47.6065075,-122.19545,609992.5
563,47.56886875,-122.2539375,342993.00000000006
564,47.44665,-122.182,144000.0
565,47.62377,-122.2737,458997.5
566,47.7159,-122.367,872000.0
567,47.44358888888889,-122.217,258991.6666666667
568,47.55939166666666,-122.23441666666668,325983.3333333334
569,47.6976,-122.359,279200.0
570,47.52653125,-122.1874375,336990.625
571,47.456875,-122.2062,339004.75
572,47.38623333333333,-122.22800000000001,271558.3333333334
573,47.61485833333333,-122.24225,940000.0
574,47.60382727272727,-122.23618181818182,425999.63636363635
575,47.509005555555554,-122.24572222222223,328997.22222222225
576,47.3388,-122.033,902500.0
577,47.654784210526316,-122.20573684210527,538988.8421052631
578,47.42583333333333,-122.23166666666667,137041.3333333333
579,47.389046666666665,-122.20133333333334,198993.3333333333
580,47.45335,-122.219,363500.0
581,47.63880666666667,-122.22226666666667,909996.6666666666
582,47.60055714285714,-122.20171428571429,483992.14285714284
583,47.593,-122.057,837219.0
584,47.40695238095238,-122.26142857142857,267997.61904761905
585,47.627982352941174,-122.18188235294117,432011.76470588235
586,47.63788666666667,-122.19713333333334,699012.5333333333
587,47.62243333333333,-122.13316666666667,470995.9166666667
588,47.54716842105263,-122.20526315789473,428986.84210526315
589,47.61546829268293,-122.21775609756098,515001.2804878049
590,47.43107777777778,-122.2098888888889,261000.0
591,47.39825,-122.297,154100.0
592,47.65018333333333,-122.32794444444444,469000.0
593,47.5304,-122.387,478500.0
594,47.57145,-122.0775,878000.0
595,47.67177857142857,-122.261,395976.7857142857
596,47.62711,-122.3065,548990.5
597,47.5071,-122.255,239300.0
598,47.41813333333333,-122.22166666666666,132941.66666666663
599,47.63753333333333,-122.17533333333333,818000.0
600,47.3462625,-122.229875,206002.1875
601,47.620306666666664,-122.22666666666667,855011.2666666666
602,47.61123333333333,-122.149,797000.0
603,47.482055555555554,-122.2585,294000.5555555556
604,47.53423043478261,-122.27152173913043,358999.5652173913
605,47.6354,-122.32233333333333,957000.0
606,47.66342,-122.3198,597031.4
607,47.53505,-122.2755,461525.0
608,47.3829,-122.26611111111112,263966.6666666667
609,47.595600000000005,-122.2505,887225.0
610,47.589200000000005,-122.256,285700.0
611,47.6414,-122.1753076923077,450992.3846153846
612,47.65125,-122.2975,778997.875
613,47.34356666666667,-122.26266666666666,128000.0
614,47.55738181818182,-122.26063636363637,356999.90909090906
615,47.426433333333335,-122.24893333333333,207019.3333333333
616,47.391933333333334,-122.22766666666666,213475.00000000006
617,47.626763636363634,-122.15345454545455,506995.45454545453
618,47.458943749999996,-122.1790625,284000.00000000006
619,47.6165,-122.25450000000001,636082.5
620,47.687200000000004,-122.1325,546200.0
621,47.60815,-122.24375,826000.0
622,47.42076,-122.12559999999999,288000.0
623,47.652100000000004,-122.168,863000.0
624,47.5769,-122.23872727272727,374013.63636363635
625,47.6342,-122.20475,554000.0
626,47.6109,-122.17150000000001,578525.0
627,47.43127272727273,-122.233,255981.81818181823
628,47.66585555555555,-122.22722222222222,424000.0
629,47.7047,-122.113,882566.0
630,47.40495,-122.268,251150.0
631,47.4335,-122.21385714285715,265982.3571428572
632,47.64116666666667,-122.22322222222222,441000.0
633,47.5926,-122.2025,417000.0
634,47.57548333333333,-122.21158333333334,370989.5833333334
635,47.4344,-122.26966666666667,119966.66666666663
636,47.44723333333334,-122.22166666666666,253811.33333333337
637,47.43645,-122.14,318400.0
638,47.6386,-122.36,937000.0
639,47.38245,-122.1555,178000.0
640,47.6201,-122.38300000000001,523480.0
641,47.59813333333334,-122.25133333333333,978000.0
642,47.555400000000006,-122.144,822000.0
643,47.5198,-122.157,972800.0
644,47.50805,-122.297,947500.0
645,47.65586,-122.37,631575.0
646,47.57366,-122.1912,348506.0
647,47.66265,-122.3275,445792.0
648,47.709,-122.017,592350.0
649,47.44421428571429,-122.17128571428572,307999.92857142864
650,47.40606666666667,-122.244,202995.83333333337
651,47.652341666666665,-122.20683333333334,527987.5
652,47.492866666666664,-122.2258,311003.3333333334
653,47.65905,-122.293,641225.0
654,47.609449999999995,-122.16550000000001,982000.0
655,47.6893,-122.35,651500.0
656,47.634166666666665,-122.22877777777778,607001.1111111111
657,47.51312,-122.2689,367978.75
658,47.654624999999996,-122.179,519925.0
659,47.614846666666665,-122.2356,464003.3333333333
660,47.600263636363636,-122.19145454545455,497995.45454545453
661,47.607526666666665,-122.22844444444445,589995.5333333333
662,47.608,-122.2221111111111,613021.6666666666
663,47.45356666666667,-122.26658333333333,244000.00000000006
664,47.62985833333333,-122.22158333333333,386987.5
665,47.526466666666664,-122.13766666666666,393980.0
666,47.41105,-122.22800000000001,273995.8333333334
667,47.70205,-122.09,737000.0
668,47.57425833333333,-122.1545,366000.0
669,47.649649999999994,-122.2535,991600.0
670,47.687,-122.286,615750.0
671,47.617125,-122.25066666666666,529026.5833333334
672,47.6453,-122.25673333333333,400980.0
673,47.646775,-122.28525,622037.5
674,47.59529166666667,-122.16083333333333,380991.6666666667
675,47.627475,-122.179,738995.8333333333
676,47.47735,-122.006,384202.5
677,47.62536,-122.2741,481021.8
678,47.57823333333333,-122.229,711725.6666666666
679,47.587939999999996,-122.228,619464.0
680,47.65568947368421,-122.25994736842105,438002.6315789474
681,47.54474,-122.2429,649000.0
682,47.445775,-122.259625,225962.5
683,47.5205,-122.269,89991.66666666663
684,47.58695,-122.27799999999999,304000.0
685,47.63648,-122.157,315490.0
686,47.58330909090909,-122.16354545454546,472019.7272727273
687,47.61005,-122.2475,604000.0
688,47.2986,-122.30199999999999,183500.0
689,47.614533333333334,-122.03066666666666,491228.0
690,47.42998095238095,-122.23242857142857,247990.4761904762
691,47.54878,-122.0388,574000.0
692,47.618849999999995,-122.1095,827500.0
693,47.571325,-122.235,295993.75
694,47.65542857142857,-122.28314285714286,667000.0
695,47.3688,-122.22436363636363,224007.90909090912
696,47.41835454545455,-122.26509090909092,216000.0
697,47.52161111111111,-122.25266666666667,403977.7777777778
698,47.65004444444445,-122.24811111111111,411009.77777777775
699,47.645583333333335,-122.146,587033.3333333334
700,47.41149090909091,-122.24609090909091,222981.81818181818
701,47.3855,-122.23949999999999,85000.0
702,47.58994545454545,-122.15445454545454,688989.8181818182
703,47.40251111111111,-122.19522222222223,297986.1111111111
704,47.62777777777778,-122.22077777777777,531996.6666666666
705,47.671416666666666,-122.20383333333334,443516.6666666667
706,47.56126,-122.2302,391000.0
707,47.63691428571428,-122.21142857142857,898000.0
708,47.57767142857143,-122.25928571428571,330992.85714285716
709,47.54577,-122.2189,409012.4
710,47.47412222222222,-122.27544444444445,232988.88888888893
711,47.610216666666666,-122.18016666666666,664000.0
712,47.372009375,-122.177125,271994.90625000006
713,47.6436375,-122.21725,601019.0
714,47.62997,-122.3022,526000.0
715,47.358000000000004,-122.088,320900.0
716,47.6638,-122.084,918000.0
717,47.636962499999996,-122.22725,749000.0
718,47.6063375,-122.15025,728995.875
719,47.6867125,-122.225625,637000.0
720,47.60735,-122.22975,569000.0
721,47.44175,-122.1345,208716.5
722,47.637033333333335,-122.26833333333333,926350.0
723,47.640092307692306,-122.20523076923077,502000.0
724,47.552533333333336,-122.13499999999999,413972.22222222225
725,47.57441428571428,-122.24414285714286,511042.85714285716
726,47.6071,-122.285,676500.0
727,47.57091111111111,-122.18544444444444,361000.0
728,47.637528571428575,-122.23214285714286,517014.28571428574
729,47.3211,-122.29516666666666,196000.00000000006
730,47.2775,-122.203,219200.0
731,47.66578,-122.20949999999999,476009.9
732,47.377855555555556,-122.26511111111111,235985.22222222225
733,47.49743846153846,-122.18353846153846,276987.69230769237
734,47.36945,-122.20583333333333,189000.0
735,47.67845714285714,-122.24985714285714,628000.0
736,47.471,-122.073,454310.0
737,47.34393333333333,-122.24333333333334,169016.66666666674
738,47.6679,-122.291,550700.0
739,47.62607777777778,-122.17277777777778,698000.0
740,47.60991428571429,-122.22785714285715,678991.4285714285
741,47.46785,-122.205,313993.625
742,47.43134444444444,-122.29733333333334,221000.00000000006
743,47.668685714285715,-122.20685714285715,606021.4285714285
744,47.5986375,-122.24125,407024.125
745,47.6562375,-122.2525,559000.0
746,47.620866666666664,-122.23066666666666,531025.8333333334
747,47.660000000000004,-122.1782,988964.0
748,47.6238,-122.311,751750.0
749,47.55424615384615,-122.17861538461538,346984.6153846154
750,47.3056,-122.217,176250.0
751,47.614475,-122.012,563500.0
752,47.6094,-122.126,466200.0
753,47.62377142857143,-122.19157142857142,571000.0
754,47.63866,-122.2028,541045.0
755,47.624671428571425,-122.13542857142858,565999.5714285715
756,47.6246,-122.26599999999999,758971.4285714286
757,47.63928333333333,-122.29316666666666,521000.0
758,47.53151666666667,-122.18816666666666,350983.3333333334
759,47.659533333333336,-122.121,866003.0
760,47.703066666666665,-122.254,575608.3333333334
761,47.6479,-122.367,683500.0
762,47.61076,-122.17020000000001,744000.0
763,47.488425,-122.25125,144993.75
764,47.397466666666666,-122.14333333333333,230991.6666666667
765,47.666183333333336,-122.279,482995.8333333333
766,47.42237142857143,-122.30971428571429,194000.0
767,47.634877777777774,-122.19744444444444,639000.0
768,47.634,-122.20114285714286,661000.0
769,47.54907142857143,-122.29728571428572,629000.0
770,47.6499947368421,-122.23436842105264,467002.63157894736
771,47.3148,-122.24866666666667,226763.33333333337
772,47.603825,-122.12899999999999,746000.0
773,47.428642857142854,-122.25285714285714,169990.4761904762
774,47.639725,-122.1995,671450.0
775,47.5602,-122.03,891500.0
776,47.632125,-122.22075,501000.0
777,47.647133333333336,-122.22033333333333,845916.6666666666
778,47.68854,-122.3432,494000.0
779,47.602533333333334,-122.20066666666666,994000.0
780,47.68436666666667,-122.2365,581000.0
781,47.3075,-122.217,112000.0
782,47.637175,-122.18204166666666,598997.5833333334
783,47.6452125,-122.23162500000001,626012.5
784,47.60615555555555,-122.27222222222223,555994.4444444445
785,47.65804,-122.3,721000.0
786,47.677166666666665,-122.223,717516.6666666666
787,47.62146818181818,-122.2429090909091,869993.1818181819
788,47.67404,-122.2506,781000.0
789,47.54411666666667,-122.16416666666666,301000.00000000006
790,47.5854625,-122.238,376993.75
791,47.674033333333334,-122.21249999999999,473995.8333333333
792,47.485128571428575,-122.13557142857142,154992.85714285716
793,47.63405,-122.1565,653712.5
794,47.6076,-122.18900000000001,544000.0
795,47.63592857142857,-122.18014285714285,782000.0
796,47.43846153846154,-122.23196153846153,249000.00000000006
797,47.669975,-122.28175,646000.0
798,47.495875,-122.01425,166987.5
799,47.5833,-122.221,583500.0
800,47.624925,-122.17949999999999,691025.0
801,47.6847,-122.318,495800.0
802,47.66632727272727,-122.2290909090909,562027.2727272727
803,47.66824,-122.2426,624000.0
804,47.65112,-122.2773,523995.0
805,47.6067,-122.052,831548.0
806,47.595375,-122.1305,850957.5
807,47.63475,-122.167,396737.5
808,47.50444761904762,-122.24485714285714,318994.14285714284
809,47.60198,-122.1842,706000.0
810,47.43915,-122.23875,159043.75
811,47.61374,-122.147,888998.0
812,47.6178,-122.055,922755.0
813,47.60924,-122.1212,771031.0
814,47.398513333333334,-122.22033333333333,242013.3333333333
815,47.636449999999996,-122.23525000000001,685975.0
816,47.604525,-122.26425,616975.0
817,47.581966666666666,-122.12933333333334,839000.0
818,47.55303333333333,-122.10666666666667,681000.0
819,47.429225,-122.21675,211000.0
820,47.55632727272727,-122.22863636363637,375986.36363636365
821,47.395125,-122.21516666666666,267487.0833333334
822,47.67094,-122.068,702000.0
823,47.5558,-122.23357142857144,422017.14285714284
824,47.59205,-122.2165625,397999.125
825,47.41105,-122.255,190974.6666666667
826,47.645025000000004,-122.09325,798000.0
827,47.6057,-122.1,808980.0
828,47.57896363636364,-122.20404545454545,418986.36363636365
829,47.7019,-122.228,853505.0
830,47.6746,-122.039,963993.3333333333
831,47.5974625,-122.2055625,478989.375
832,47.65648,-122.2012,707980.0
833,47.39853333333333,-122.18466666666666,163933.3333333333
834,47.40703333333333,-122.22233333333334,200483.33333333337
835,47.5402,-122.069,811500.0
836,47.619012500000004,-122.11425,751000.0
837,47.637225,-122.24475000000001,595972.0
838,47.61442,-122.1198,895968.0
839,47.1964,-122.009,324360.0
840,47.59336666666667,-122.17133333333334,731033.3333333333
841,47.39913333333333,-122.32166666666666,114995.83333333331
842,47.608011764705886,-122.22411764705882,489000.0
843,47.649,-122.11833333333334,722026.6666666666
844,47.5045,-122.329,92000.0
845,47.64772,-122.2704,704082.2
846,47.621775,-122.23125,736000.0
847,47.6748,-122.384,848750.0
848,47.6826,-122.225,509250.0
849,47.68446,-122.2676,998960.0
850,47.576366666666665,-122.10633333333332,753962.6666666666
851,47.646950000000004,-122.2655,449239.0
852,47.63406666666667,-122.26713333333333,579006.6666666666
853,47.44828888888889,-122.21571717171717,280000.22222222225
854,47.628925,-122.13775,769000.0
855,47.3771,-122.24266666666666,148966.66666666663
856,47.53064375,-122.24962500000001,349010.625
857,47.56747142857143,-122.18,378000.0
858,47.56188823529412,-122.21623529411765,418002.23529411765
859,47.387077777777776,-122.27666666666667,247500.0
860,47.5807,-122.394,576750.0
861,47.54096470588235,-122.221,378994.1176470588
862,47.6289,-122.14466666666667,763925.3333333333
863,47.744875,-122.231,434000.0
864,47.61091818181818,-122.19545454545455,457000.0
865,47.62905,-122.21325,534000.0
866,47.5250625,-122.140625,322998.00000000006
867,47.63836666666666,-122.252,778033.3333333333
868,47.67058333333333,-122.21283333333334,458000.0
869,47.6203,-122.16425,621034.5
870,47.59128,-122.3642,818980.0
871,47.6503,-122.197,758000.0
872,47.55536666666667,-122.22266666666667,804033.3333333333
873,47.50285625,-122.2088125,351999.9375
874,47.35475454545455,-122.23272727272727,246981.81818181823
875,47.5847,-122.08,725786.0
876,47.40145384615385,-122.29653846153846,245999.2307692308
877,47.44932,-122.2484,152980.0
878,47.5841,-122.12899999999999,608600.0
879,47.62063333333334,-122.12533333333333,928980.0
880,47.50631333333333,-122.22193333333334,327012.26666666666
881,47.674,-122.343,796000.0
882,47.46290666666667,-122.2088,282010.0
883,47.63733333333333,-122.23766666666667,847031.0
884,47.5822,-122.0765,668500.0
885,47.46407272727273,-122.27072727272727,363000.0
886,47.5890125,-122.220125,558000.0
887,47.6745,-122.17730769230769,468000.0
888,47.67783333333333,-122.255,656000.0
889,47.66805,-122.32,543000.0
890,47.507461904761904,-122.16714285714286,353000.0
891,47.47097272727272,-122.21918181818182,316000.0
892,47.656324999999995,-122.2265,763025.25
893,47.397255,-122.21915,252000.00000000006
894,47.60576666666667,-122.17533333333334,936000.0
895,47.422000000000004,-122.2474,237993.3333333333
896,47.42244,-122.2304,282985.0
897,47.63165,-122.235,478000.0
898,47.61076666666667,-122.267,823000.0
899,47.425866666666664,-122.269,166000.0
900,47.634975,-122.1755,642000.0
901,47.40340588235294,-122.19276470588235,253017.70588235295
902,47.628127272727276,-122.18818181818182,491995.45454545453
903,47.5676,-121.99166666666666,535883.3333333334
904,47.6121,-122.16233333333334,950989.3333333333
905,47.5364,-122.173,427200.0
906,47.659328571428574,-122.22928571428571,808014.2857142857
907,47.6195,-122.20042857142857,536989.3571428572
908,47.60465,-122.101,800933.0
909,47.401945454545455,-122.23945454545455,292509.09090909094
910,47.43391666666666,-122.27483333333333,212578.16666666674
911,47.598622222222225,-122.29566666666666,551996.6666666666
912,47.629963636363634,-122.16518181818182,428003.63636363635
913,47.33336,-122.2544,185950.0
914,47.37616666666667,-122.2355,261995.83333333337
915,47.501487499999996,-122.17881249999999,372013.75
916,47.67973333333333,-122.17788888888889,548005.5555555555
917,47.55251818181818,-122.29581818181818,442000.0
918,47.6374,-122.12,961500.0
919,47.67948888888889,-122.21211111111111,488000.0
920,47.5555,-122.15,913888.0
921,47.46387333333333,-122.22753333333333,328000.0
922,47.5982,-122.2575,817000.0
923,47.58593333333334,-122.271,665966.6666666666
924,47.638475,-122.22541666666666,461003.3333333333
925,47.595077777777774,-122.301,387500.0
926,47.660066666666665,-122.29166666666667,959000.0
927,47.617686666666664,-122.20046666666667,589000.0
928,47.6269,-122.208875,619012.5
929,47.6687,-122.29033333333334,874050.0
930,47.51714,-122.1245,322490.0
931,47.6392,-122.13624999999999,792000.0
932,47.606925000000004,-122.23241666666667,372998.0833333334
933,47.591181818181816,-122.13172727272728,582981.8181818182
934,47.46207,-122.2123,280987.7
935,47.3277,-122.341,86500.0
936,47.49331111111111,-122.21711111111111,332988.22222222225
937,47.40128,-122.1986,178500.0
938,47.3813,-122.322,188500.0
939,47.62512,-122.2689,513000.0
940,47.471450000000004,-122.2105,317687.5
941,47.5273,-122.265,263300.0
942,47.67205,-122.306,442991.6666666667
943,47.598525,-122.17675,711000.0
944,47.673857142857145,-122.229,566992.8571428572
945,47.6289,-122.2835,363999.0
946,47.524646153846156,-122.19823076923076,392010.5384615385
947,47.639975,-122.194,374500.0
948,47.64803333333333,-122.276,696000.0
949,47.6464,-122.19833333333334,923996.6666666666
950,47.5201,-121.885,572800.0
951,47.65925,-122.19675000000001,674000.0
952,47.53216666666667,-122.10666666666667,701000.0
953,47.621449999999996,-122.286,968966.5
954,47.2654,-122.216,331950.0
955,47.62184545454546,-122.20163636363637,437510.7272727273
956,47.3281,-122.343,96500.0
957,47.50776666666667,-122.332,181033.33333333337
958,47.657799999999995,-122.1925,634000.0
959,47.571275,-122.188,342481.25
960,47.524663636363634,-122.19936363636364,312510.9090909091
961,47.3116,-122.4,236775.0
962,47.57148,-122.2891,519000.0
963,47.67986666666667,-122.16066666666667,861996.6666666666
964,47.59035,-122.085375,648000.0
965,47.66535714285715,-122.23428571428572,733000.0
966,47.597463636363635,-122.2699090909091,402510.7272727273
967,47.530433333333335,-122.15,382493.8888888889
968,47.5158,-122.28,486000.0
969,47.38005,-122.1965,129000.0
970,47.453,-122.29933333333334,148075.3333333333
971,47.629175000000004,-122.238625,462000.0
972,47.293549999999996,-122.2945,161600.0
973,47.4865,-122.197,126000.0
974,47.6192,-122.08500000000001,893940.0
975,47.6873,-122.3335,967000.0
976,47.42909090909091,-122.24454545454546,257518.18181818182
977,47.49625,-122.26750000000001,151050.0
978,47.400999999999996,-122.1351,241000.0
979,47.6758,-122.16149999999999,843500.0
980,47.374,-122.296,123300.0
981,47.392700000000005,-122.342,146000.0
982,47.6094625,-122.278375,340986.875
983,47.6141,-122.2955,834000.0
984,47.62136363636364,-122.19045454545454,541972.7272727273
985,47.63035,-122.3,838350.0
986,47.6435,-122.3495,886000.0
987,47.61731666666667,-122.22166666666666,802000.0
988,47.660650000000004,-122.3385,546990.0
989,47.4779,-122.19800000000001,367350.0
990,47.618300000000005,-122.3115,901000.0
991,47.64796666666666,-122.202,585962.6666666666
992,47.54903,-122.20490000000001,393000.0
993,47.57322,-122.2141,448017.5
994,47.54215,-122.17099999999999,938000.0
995,47.49881111111111,-122.27766666666666,268472.22222222225
996,47.34555,-122.22200000000001,105000.0
997,47.6181,-122.19200000000001,864000.0
998,47.61635,-122.261,931044.0
999,47.5582,-122.23633333333333,971990.3333333333
1000,47.40713,-122.2552,277525.4
1001,47.41216,-122.3022,171968.0
1002,47.62378571428572,-122.19528571428572,563992.8571428572
1003,47.614016666666664,-122.167,688016.6666666666
1004,47.48125,-122.291,173250.0
1005,47.580571428571425,-122.218,447492.85714285716
1006,47.5366875,-122.24549999999999,329474.375
1007,47.56447142857143,-122.23185714285714,422500.0
1008,47.549144444444444,-122.20344444444444,357506.8888888889
1009,47.41815,-122.295,157000.0
1010,47.6255,-122.191,774000.0
1011,47.42552,-122.17410000000001,347500.0
1012,47.42963,-122.2858,287520.30000000005
1013,47.3682125,-122.24975,192993.75
1014,47.5595,-122.369,857442.0
1015,47.60185,-121.84049999999999,134000.0
1016,47.63017272727273,-122.22254545454545,432500.0
1017,47.42165,-122.07275,299500.00000000006
1018,47.67472,-122.2588,594000.0
1019,47.5094,-122.376,456700.0
1020,47.637366666666665,-122.20266666666667,523000.0
1021,47.62437142857143,-122.19171428571428,602000.0
1022,47.52405,-122.357,107000.0
1023,47.61264285714286,-122.13528571428571,386495.85714285716
1024,47.65255,-122.12950000000001,714000.0
1025,47.5697,-122.219,741000.0
1026,47.54025,-122.327,986000.0
1027,47.60127142857143,-122.18457142857143,657500.0
1028,47.6555,-122.24783333333333,532500.0
1029,47.5665,-122.229,876650.0
1030,47.628014285714286,-122.29114285714286,362500.0
1031,47.5271375,-122.232875,399517.5
1032,47.59968333333333,-122.14133333333334,517500.0
1033,47.42885,-122.26837499999999,280462.5
1034,47.6659,-122.327,941000.0
1035,47.62105,-122.193,879000.0
1036,47.62225,-122.158,913000.0
1037,47.5814,-122.1435,768000.0
1038,47.354885714285714,-122.22814285714286,214007.14285714284
1039,47.62761428571429,-122.17657142857144,522500.0
1040,47.63751428571429,-122.24471428571428,716032.1428571428
1041,47.638957142857144,-122.24114285714286,718000.0
1042,47.6426,-122.286,906000.0
1043,47.5542,-122.265,814000.0
1044,47.41671111111111,-122.25372222222222,238994.4444444445
1045,47.5386,-122.053,597750.0
1046,47.57241428571429,-122.21542857142857,421028.5714285714
1047,47.691900000000004,-122.2015,952998.5
1048,47.4542,-122.2555,242508.33333333337
1049,47.55515,-122.1515,945900.0
1050,47.64054,-122.18599999999999,652495.4
1051,47.5391,-122.0365,820937.5
1052,47.53488,-122.1755,379476.0
1053,47.37854,-122.1822,216500.0
1054,47.660916666666665,-122.29366666666667,563000.0
1055,47.6369,-122.26750000000001,777000.0
1056,47.456357142857144,-122.233,227985.71428571432
1057,47.37282857142857,-122.24014285714286,183000.00000000006
1058,47.600449999999995,-122.12049999999999,981000.0
1059,47.572359999999996,-122.3116,453500.0
1060,47.63633333333333,-122.24816666666666,812000.0
1061,47.618024,-122.24696,438997.28
1062,47.511066666666665,-122.15283333333333,336516.6666666667
1063,47.67373333333333,-122.24116666666667,493000.0
1064,47.710575,-122.34174999999999,459500.0
1065,47.566599999999994,-122.053,504129.0
1066,47.633855555555556,-122.20755555555556,659000.0
1067,47.66294,-122.2106,717000.0
1068,47.41958666666667,-122.19903333333333,279000.00000000006
1069,47.35646,-122.2242,201000.0
1070,47.66815,-122.273,643975.0
1071,47.46307142857143,-122.23414285714286,337500.0
1072,47.4752,-122.271,84000.0
1073,47.61095,-122.1315,965900.0
1074,47.60355,-122.29483333333334,582000.0
1075,47.58873333333334,-122.15816666666666,406446.6666666667
1076,47.6705,-122.277,766500.0
1077,47.63206,-122.2436,507990.0
1078,47.6215,-122.2105,919102.0
1079,47.490316666666665,-122.22183333333334,271010.8333333334
1080,47.38435555555556,-122.24744444444444,140000.00000000006
1081,47.621785714285714,-122.17714285714285,575992.8571428572
1082,47.631083333333336,-122.17533333333334,603000.0
1083,47.6285,-122.2148,727009.6
1084,47.61291666666667,-122.24933333333334,512005.1666666667
1085,47.57165714285714,-122.29,552985.7142857143
1086,47.57225,-122.1555,673000.0
1087,47.63316,-122.175,672000.0
1088,47.32248,-122.21039999999999,264500.0
1089,47.4784,-122.2536,338500.0
1090,47.4383,-122.25757142857142,261490.00000000006
1091,47.4707,-122.11099999999999,272937.5
1092,47.5545,-122.19781818181818,323981.8181818182
1093,47.603683333333336,-122.15783333333333,650996.6666666666
1094,47.46716666666667,-122.22016666666667,269500.00000000006
1095,47.6164,-122.27575,712500.0
1096,47.606139999999996,-122.24380000000001,398500.0
1097,47.6235,-122.306,761000.0
1098,47.56975,-122.22575,410500.0
1099,47.68965,-122.24433333333334,482500.0
1100,47.61303541666667,-122.23129166666666,419997.7604166666
1101,47.64486,-122.28020000000001,514000.0
1102,47.64521666666667,-122.17166666666667,412491.6666666667
1103,47.5847125,-122.247375,462528.5
1104,47.441066666666664,-122.1845,306500.00000000006
1105,47.681700000000006,-122.4,921900.0
1106,47.5196,-122.151,997000.0
1107,47.64815,-122.30250000000001,979000.0
1108,47.37235,-122.2055,302498.75
1109,47.40688,-122.2774,229500.0
1110,47.5324,-122.275,163250.0
1111,47.6197,-122.15,836000.0
1112,47.67088571428572,-122.25642857142857,407492.85714285716
1113,47.39865,-122.26124999999999,191987.5
1114,47.3943,-122.25766666666667,198466.6666666667
1115,47.58908,-122.2492,350500.0
1116,47.68205,-122.26216666666667,557000.0
1117,47.571866666666665,-122.16266666666667,868566.6666666666
1118,47.39366666666667,-122.28683333333333,243483.33333333337
1119,47.5748,-122.018,675750.0
1120,47.47115625,-122.2484375,285987.5
1121,47.5964,-122.11125,852525.0
1122,47.41816,-122.2018,296495.0
1123,47.67252,-122.313,607500.0
1124,47.402433333333335,-122.16666666666667,259500.0
1125,47.6419,-122.297,667500.0
1126,47.6467,-122.394,784000.0
1127,47.62266666666667,-122.268,831000.0
1128,47.3109,-122.225,142500.0
1129,47.64245,-122.3735,872500.0
1130,47.57455,-122.26033333333334,578000.0
1131,47.653175,-122.239,677025.0
1132,47.4824,-122.336,197200.0
1133,47.6356,-122.2116,487537.0
1134,47.419399999999996,-122.2316,316495.0
1135,47.373050000000006,-122.13050000000001,177000.0
1136,47.641,-122.09775,728012.5
1137,47.51373846153846,-122.26930769230769,368991.3846153846
1138,47.6227,-122.207,987000.0
1139,47.54602,-122.2386,333498.0
1140,47.60706666666667,-122.11233333333332,568500.0
1141,47.312975,-122.176,278500.0
1142,47.38029230769231,-122.233,263000.00000000006
1143,47.41113333333333,-122.25133333333333,389505.6666666667
1144,47.6851,-122.209,949000.0
1145,47.6051,-122.13866666666667,890892.0
1146,47.573949999999996,-122.303,840500.0
1147,47.595420000000004,-122.2694,349500.0
1148,47.532375,-122.28775,345525.0
1149,47.5572,-122.32185714285714,568000.0
1150,47.625,-122.3,958000.0
1151,47.4798,-122.1418,291495.0
1152,47.57632,-122.2706,275467.2
1153,47.6141,-122.111,954500.0
1154,47.414249999999996,-122.2625,231500.0
1155,47.6875,-122.32900000000001,616500.0
1156,47.617225,-122.24325,527500.0
1157,47.38595,-122.26575,256475.0
1158,47.6382,-122.10974999999999,693000.0
1159,47.4054,-122.2495,283487.5
1160,47.61706923076923,-122.21507692307692,790003.8461538462
1161,47.544219999999996,-122.2334,436454.4
1162,47.5827,-122.197,943500.0
1163,47.5896,-121.978,806000.0
1164,47.620000000000005,-122.19675000000001,308543.75
1165,47.3183,-122.217,207500.0
1166,47.6911,-122.293,897000.0
1167,47.56144,-122.175,361520.0
1168,47.407325,-122.24675,273500.0
1169,47.60662,-122.2872,756020.0
1170,47.397125,-122.2195,304475.0
1171,47.6406,-122.26433333333333,458475.0
1172,47.581125,-122.244,669000.0
1173,47.5533,-122.093,917000.0
1174,47.58748571428571,-122.194,415988.2142857143
1175,47.66185,-122.25483333333334,464545.8333333333
1176,47.37715,-122.2655,174000.0
1177,47.7006,-122.386,724000.0
1178,47.38675,-122.208125,208993.75
1179,47.45775,-122.17075,293516.75
1180,47.5776,-122.214,996000.0
1181,47.69423333333333,-122.09466666666667,731656.3333333333
1182,47.52456111111111,-122.22027777777778,353986.1111111111
1183,47.5019,-122.269,135900.0
1184,47.38356,-122.194,359500.0
1185,47.7226,-122.03,694000.0
1186,47.731366666666666,-122.18233333333333,434466.6666666667
1187,47.63375,-122.219,772000.0
1188,47.595150000000004,-122.29416666666667,377531.8333333334
1189,47.534675,-122.20349999999999,305486.25
1190,47.496566666666666,-122.03633333333333,452500.0
1191,47.562,-122.2594,477518.0
1192,47.600325,-122.197,662997.5
1193,47.57683333333333,-122.09666666666666,828066.6666666666
1194,47.5528,-122.221,984000.0
1195,47.6794,-122.326,417483.3333333334
1196,47.567,-122.033,911000.0
1197,47.4217,-122.28725,217487.5
1198,47.6899,-122.319,793000.0
1199,47.610075,-122.14475,752972.0
1200,47.603175,-122.1045,658025.0
1201,47.38973333333333,-122.215,139000.0
1202,47.59172,-122.0782,496580.0
1203,47.61973333333333,-122.03533333333333,803015.0
1204,47.392300000000006,-122.2225,294635.0
1205,47.636250000000004,-122.24125000000001,822525.0
1206,47.5828,-122.02333333333333,646933.3333333334
1207,47.62756666666667,-122.24633333333334,718500.0
1208,47.5328,-122.21666666666667,498481.6666666667
1209,47.612750000000005,-122.06299999999999,858450.0
1210,47.6597,-122.15225000000001,472500.0
1211,47.5576,-122.25225,411526.25
1212,47.429875,-122.17575000000001,289557.5
1213,47.4987,-122.341,82000.0
1214,47.610275,-122.12625,441500.0
1215,47.2933,-122.372,120750.0
1216,47.6356,-122.24433333333333,476500.0
1217,47.503,-122.262,137900.0
1218,47.34576,-122.2546,198000.0
1219,47.372257142857144,-122.26192857142857,218000.00000000006
1220,47.324124999999995,-122.172,314500.0
1221,47.58905,-122.2835,245565.0
1222,47.62233333333333,-122.24133333333333,650500.0
1223,47.67203333333333,-122.268,603500.0
1224,47.5662,-122.379,866500.0
1225,47.4965,-122.23825000000001,328480.75
1226,47.5756,-122.071,907687.0
1227,47.634033333333335,-122.302,631000.0
1228,47.675225,-122.2105,748000.0
1229,47.45915,-122.0945,388524.5
1230,47.664,-122.251,423500.0
1231,47.42183333333333,-122.21595061728395,239997.82716049394
1232,47.646,-122.39,976000.0
1233,47.6083,-122.10149999999999,757000.0
1234,47.65777,-122.2347,551010.0
1235,47.58293333333333,-122.06766666666667,485500.0
1236,47.30983333333333,-122.302,196480.0
1237,47.5892,-122.203,993000.0
1238,47.633075,-122.089,632500.0
1239,47.55103636363636,-122.27190909090909,346022.7272727273
1240,47.4483,-122.148,355481.25
1241,47.65195,-122.145,469500.0
1242,47.513526666666664,-122.28226666666667,335983.3333333333
1243,47.7047,-122.34649999999999,403501.0
1244,47.592600000000004,-122.09066666666666,645500.0
1245,47.678475,-122.23975,722500.0
1246,47.5642,-122.27925,433498.75
1247,47.6134,-122.29075,334512.5
1248,47.65372,-122.257,652020.0
1249,47.6702,-122.19200000000001,612500.0
1250,47.36891428571428,-122.22228571428572,219000.0
1251,47.7174,-122.282,971000.0
1252,47.59856666666666,-122.20033333333333,902000.0
1253,47.62084,-122.24686666666666,449000.0
1254,47.546549999999996,-122.2345,303698.5
1255,47.60415,-122.2065,365537.5
1256,47.584775,-122.27425,404525.0
1257,47.61443333333334,-122.169,683000.0
1258,47.377900000000004,-122.12433333333333,225500.0
1259,47.392,-122.20633333333333,147500.0
1260,47.6245,-122.198,888000.0
1261,47.522533333333335,-122.05366666666667,391500.0
1262,47.313266666666664,-122.305,184000.0
1263,47.444925,-122.11425,244528.75
1264,47.678466666666665,-122.19666666666667,749466.6666666666
1265,47.39265,-122.173,249500.0
1266,47.6074,-122.195,787000.0
1267,47.6361,-122.31325,587550.0
1268,47.5968,-122.29,881000.0
1269,47.45301666666667,-122.27808333333334,227001.16666666674
1270,47.69023333333333,-122.20366666666666,632000.0
1271,47.63105,-122.19125,762000.0
1272,47.6498,-122.396,794154.0
1273,47.43498,-122.1788,288349.80000000005
1274,47.4115,-122.2166,199480.0
1275,47.62923333333333,-122.05966666666667,425530.0
1276,47.61755,-122.2335,465991.6666666667
1277,47.31055,-122.3195,210497.5
1278,47.6165125,-122.22987499999999,396993.75
1279,47.3829,-122.20266666666667,162000.0
1280,47.533,-122.06166666666667,455533.3333333334
1281,47.59305,-122.21775,309555.0
1282,47.51193333333333,-122.22466666666666,255514.6666666667
1283,47.53175,-122.277,490550.0
1284,47.720866666666666,-122.31166666666667,369500.0
1285,47.381924999999995,-122.20975,188050.0
1286,47.59676666666667,-122.26466666666667,446483.3333333334
1287,47.5413,-122.20400000000001,571500.0
1288,47.647549999999995,-122.19,937562.5
1289,47.4494,-122.0375,419272.0
1290,47.66696666666667,-122.34866666666666,670983.3333333333
1291,47.5423,-122.09224999999999,483438.25
1292,47.408225,-122.2615,295487.5
1293,47.6502,-122.24866666666667,576993.75
1294,47.3247,-122.17933333333333,205475.0
1295,47.642466666666664,-122.259,811000.0
1296,47.5098,-122.155,426950.0
1297,47.58796666666667,-122.20333333333333,622500.0
1298,47.666355555555555,-122.2401111111111,508978.55555555556
1299,47.4905,-122.22325000000001,343516.5
1300,47.3986,-122.274,290278.0
1301,47.51663333333333,-122.30733333333333,356566.6666666667
1302,47.3652,-122.263,298483.3333333334
1303,47.4817,-122.25733333333334,157500.0
1304,47.62883333333333,-122.28466666666667,643467.6666666666
1305,47.414300000000004,-122.266,202500.0
1306,47.45236666666666,-122.32666666666667,240471.6666666667
1307,47.42196666666666,-122.25333333333333,321500.0
1308,47.663133333333334,-122.17966666666666,561533.3333333334
1309,47.65268181818182,-122.27227272727272,608008.6363636364
1310,47.607033333333334,-122.40133333333334,529500.0
1311,47.63086666666667,-122.29333333333334,827078.3333333333
1312,47.54806,-122.2629,317995.0
1313,47.63290000000001,-122.348,371500.0
1314,47.6008,-122.101,637500.0
1315,47.469,-122.298,110700.0
1316,47.64436666666667,-122.14966666666668,564483.3333333334
1317,47.331266666666664,-122.19933333333333,270500.0
1318,47.65323333333333,-122.31366666666666,747000.0
1319,47.65915,-122.29275,554623.0
1320,47.57816666666667,-122.27799999999999,360466.6666666667
1321,47.66713333333333,-122.23133333333334,569500.0
1322,47.3695,-122.301,182553.59999999998
1323,47.5407,-122.072,479500.0
1324,47.653666666666666,-122.24866666666667,470483.3333333333
1325,47.47683333333333,-122.313,300507.3333333334
1326,47.308899999999994,-122.3165,250550.0
1327,47.4166,-122.31533333333333,201566.6666666667
1328,47.40266153846154,-122.23192307692308,237023.07692307694
1329,47.57803333333334,-122.21866666666666,313500.0
1330,47.6769,-122.14833333333333,613500.0
1331,47.384625,-122.288,253475.0
1332,47.62903333333333,-122.19333333333334,882996.6666666666
1333,47.4987,-122.166,405300.0
1334,47.318725,-122.3145,232525.75
1335,47.57224,-122.0856,592015.0
1336,47.52145,-122.293,160898.5
1337,47.68235,-122.2585,750500.0
1338,47.622733333333336,-122.30533333333334,678566.6666666666
1339,47.623999999999995,-122.1985,431500.0
1340,47.437,-122.26625,234462.5
1341,47.580225,-122.26725,713453.5
1342,47.55396666666667,-122.252,366416.6666666667
1343,47.50266666666666,-122.16933333333333,460486.0
1344,47.65133333333333,-122.36533333333334,450533.3333333334
1345,47.648133333333334,-122.23433333333334,413505.0
1346,47.47156666666667,-122.122,331500.0
1347,47.5201,-122.179,444000.0
1348,47.52936666666667,-122.26966666666667,301450.0
1349,47.73375,-122.34649999999999,401500.0
1350,47.70303333333333,-122.326,481483.3333333333
1351,47.582033333333335,-122.21866666666666,518460.0
1352,47.63616666666667,-122.268,690566.6666666666
1353,47.40453333333333,-122.22766666666666,180500.0
1354,47.54992222222222,-122.266,383984.6666666667
1355,47.74105,-122.093,738507.5
1356,47.65175,-122.1425,856550.0
1357,47.5868,-121.974,875909.0
1358,47.372,-122.23599999999999,254500.0
1359,47.5715,-122.25666666666666,593000.0
1360,47.55175,-122.03399999999999,533550.0
1361,47.67955,-122.1005,639500.0
1362,47.62141666666667,-122.2455,611026.0
1363,47.61865,-122.346,640500.0
1364,47.38128571428572,-122.239,186992.85714285716
1365,47.26753333333333,-122.10933333333332,222466.6666666667
1366,47.54763333333334,-122.074,559543.3333333334
1367,47.61665,-122.119,743000.0
1368,47.6107,-122.0575,515500.0
1369,47.5342,-121.841,409316.0
1370,47.653800000000004,-122.265,326500.0
1371,47.65115,-122.34100000000001,393500.0
1372,47.5953,-121.986,884250.0
1373,47.5589,-122.392,565500.0
1374,47.61945,-122.142,435500.0
1375,47.723749999999995,-122.1815,424500.0
1376,47.647600000000004,-122.175,555588.3333333334
1377,47.42411666666667,-122.18933333333334,307555.8333333334
1378,47.727850000000004,-122.29650000000001,439500.0
1379,47.6239,-122.166,330588.3333333334
1380,47.62415,-122.1275,507500.0
1381,47.62083333333334,-122.19133333333333,813000.0
1382,47.5451,-122.18733333333333,539500.0
1383,47.324,-122.257,265500.0
1384,47.6837,-122.34666666666666,364500.0
1385,47.27633333333333,-122.06566666666667,224466.6666666667
1386,47.652766666666665,-122.24166666666666,583933.3333333334
1387,47.6221,-122.2386,654000.0
1388,47.3862,-122.315,266750.0
1389,47.5656,-122.14,537500.0
1390,47.61095,-122.12049999999999,955000.0
1391,47.561,-122.344,548500.0
1392,47.4198,-122.24199999999999,184500.0
1393,47.61915,-122.23349999999999,659500.0
1394,47.6423,-122.158,544433.3333333334
1395,47.62115,-122.30250000000001,998500.0
1396,47.622749999999996,-122.1225,757500.0
1397,47.409800000000004,-122.21900000000001,258435.0
1398,47.55395,-122.2165,396488.3333333334
1399,47.558,-122.2825,394487.5
1400,47.605999999999995,-122.1445,742000.0
1401,47.42852857142857,-122.25357142857143,275992.8571428572
1402,47.64855,-122.264,687007.5
1403,47.64905,-122.37549999999999,707500.0
1404,47.6699,-122.232,862500.0
1405,47.47905,-121.935,499465.5
1406,47.69766666666667,-122.309,414500.0
1407,47.33695,-122.214,297500.0
1408,47.5754,-122.273,494450.0
1409,47.4752,-122.21600000000001,344500.0
1410,47.538,-122.221,540450.0
1411,47.3106,-122.325,286500.0
1412,47.72765,-122.3355,520500.0
1413,47.613,-122.15466666666667,415500.0
1414,47.66745,-122.2655,791000.0
1415,47.59465,-122.251,325500.0
1416,47.614149999999995,-121.963,440500.0
1417,47.429675,-122.28425,169473.0
1418,47.64375,-122.316,630500.0
1419,47.5857,-122.09899999999999,925875.0
1420,47.5564,-122.1735,660500.0
1421,47.34305,-122.201,274500.0
1422,47.6511,-122.1705,516500.0
1423,47.55755,-122.283,375500.0
1424,47.6446,-122.068,627800.0
1425,47.53125,-122.1495,962000.0
1426,47.419700000000006,-122.29400000000001,153501.5
1427,47.646,-122.0925,817500.0
1428,47.5977,-122.13300000000001,543500.0
1429,47.63435,-122.3225,445483.5
1430,47.5002,-122.19900000000001,373500.0
1431,47.701933333333336,-122.26633333333334,465391.6666666667
1432,47.41345,-122.2515,310623.5
1433,47.4601,-122.053,358500.0
1434,47.6513,-122.386,503500.0
1435,47.58,-122.2515,736500.0
1436,47.64683333333333,-122.22466666666666,655425.0
1437,47.613749999999996,-122.27799999999999,842000.0
1438,47.619749999999996,-122.2815,871000.0
1439,47.3701,-122.323,174500.0
1440,47.623225,-122.33425,732000.0
1441,47.65734,-122.2544,609000.0
1442,47.57106875,-122.1790625,306982.875
1443,47.6453,-122.17375,380525.0
1444,47.425200000000004,-122.3055,190500.0
1445,47.433,-122.20400000000001,168500.0
1446,47.58125,-122.143,666535.0
1447,47.610150000000004,-122.176,454000.0
1448,47.6818,-122.025,788600.0
1449,47.60803333333333,-122.249,572525.0
1450,47.581599999999995,-122.17500000000001,903000.0
1451,47.6814,-122.285,625502.0
1452,47.5458,-122.141,974350.0
1453,47.6225,-122.1945,606450.0
1454,47.49185,-122.381,573400.0
1455,47.55331666666667,-122.24283333333334,616000.0
1456,47.607733333333336,-122.15466666666667,505519.0
1457,47.71545,-122.262,623400.0
1458,47.35756666666666,-122.18266666666666,233567.6666666667
1459,47.4904,-122.222,177500.0
1460,47.37233333333333,-122.15283333333333,272483.3333333334
1461,47.606849999999994,-122.12899999999999,684000.0
1462,47.691050000000004,-122.15,837600.0
1463,47.5727,-122.3115,787500.0
1464,47.6124,-122.009,644500.0
1465,47.5375,-122.178,426700.0
1466,47.49726666666667,-122.12533333333333,213000.0
1467,47.611999999999995,-122.2615,807050.0
1468,47.506933333333336,-122.22316666666667,317500.0
1469,47.65003333333333,-122.257,511591.0
1470,47.6272,-122.044,782500.0
1471,47.56635,-122.062,580439.5
1472,47.6115,-122.2795,524450.0
1473,47.45896666666667,-122.25166666666667,311733.3333333334
1474,47.6915,-122.250625,503005.625
1475,47.53104999999999,-122.224,381500.0
1476,47.61844,-122.2526,676000.2
1477,47.65656666666667,-122.13266666666667,475242.0
1478,47.64805,-122.31,553575.0
1479,47.618745454545454,-122.24790909090909,545981.8181818182
1480,47.43285,-122.005,408487.0
1481,47.5431,-122.011,689500.0
1482,47.61315,-122.2265,834519.0
1483,47.64235,-122.141,599440.0
1484,47.6189,-122.27799999999999,832550.0
1485,47.421350000000004,-122.018,471387.5
1486,47.6411,-122.065,692000.0
1487,47.4149,-122.32050000000001,230500.0
1488,47.595299999999995,-122.27850000000001,798775.0
1489,47.4987,-121.787,193500.0
1490,47.7327,-121.965,489500.0
1491,47.65435,-122.20400000000001,635600.0
1492,47.59903333333333,-122.278,429464.0
1493,47.6652,-122.26050000000001,601475.0
1494,47.5874,-122.136,510500.0
1495,47.61613333333333,-122.12833333333333,674691.6666666666
1496,47.61291666666666,-122.24833333333333,638000.0
1497,47.3839,-122.288,158550.0
1498,47.663199999999996,-122.19133333333333,504616.6666666667
1499,47.5747,-122.20233333333333,638566.6666666666
1500,47.44845,-122.3215,545450.0
1501,47.5359,-121.878,444500.0
1502,47.548199999999994,-122.285,354475.0
1503,47.6294,-122.218,927000.0
1504,47.6197,-122.149,841000.0
1505,47.6329,-122.1315,597363.0
1506,47.6886,-122.388,726500.0
1507,47.45968571428571,-122.18542857142857,353500.0
1508,47.3644,-122.04,339500.0
1509,47.61492857142857,-122.19442857142857,449485.7142857143
1510,47.63035,-122.19550000000001,506450.0
1511,47.597,-122.25166666666667,760373.0
1512,47.581900000000005,-122.214,746400.0
1513,47.66505,-122.2755,648417.5
1514,47.5406,-121.994,773000.0
1515,47.6882,-122.382,669500.0
1516,47.650549999999996,-122.1695,654400.0
1517,47.6964,-122.12,661500.0
1518,47.2642,-122.258,171500.0
1519,47.34345,-122.1535,195600.0
1520,47.6389,-122.098,695500.0
1521,47.5815,-122.121,493500.0
1522,47.5664,-122.15299999999999,681608.0
1523,47.379200000000004,-122.2636,226500.0
1524,47.3066,-122.223,111300.0
1525,47.5185,-121.884,595500.0
1526,47.57633333333333,-122.05,535491.6666666666
1527,47.6245,-122.193,805500.0
1528,47.4829,-122.128,370500.0
1529,47.5347,-122.155,781500.0
1530,47.6051,-122.289,969500.0
1531,47.6246,-122.312,780500.0
1532,47.606,-122.307,733500.0
1533,47.55432,-122.2566,491000.0
1534,47.6862,-122.0745,541419.0
1535,47.6402,-122.14750000000001,491500.0
1536,47.6608,-122.359,710500.0
1537,47.4952,-122.34,126500.0
1538,47.7757,-122.391,941500.0
1539,47.5571,-122.216,992000.0
1540,47.657399999999996,-122.0455,480590.0
1541,47.33,-122.247,204668.33333333337
1542,47.47116666666667,-122.08166666666666,279491.6666666667
1543,47.7035,-122.357,390500.0
1544,47.7177,-122.2945,526625.0
1545,47.5681,-122.127,859000.0
1546,47.5818,-122.402,729500.0
1547,47.58945,-122.35050000000001,521475.0
1548,47.6848,-122.326,824500.0
1549,47.6529,-122.346,626600.0
1550,47.4093,-122.2645,341500.0
1551,47.6923,-122.332,702500.0
1552,47.525774999999996,-122.23775,384458.75
1553,47.7053,-122.113,779380.0
1554,47.6786,-122.375,468500.0
1555,47.6849,-122.016,790500.0
1556,47.7094,-122.018,741500.0
1557,47.6406,-122.317,670500.0
1558,47.5295,-122.229,987500.0
1559,47.7638,-122.196,664500.0
1560,47.54,-122.269,463500.0
1561,47.55155,-122.245,497400.0
1562,47.3814,-122.164,784500.0
1563,47.5818,-121.973,785500.0
1564,47.5602,-122.39,844000.0
1565,47.7462,-122.172,605500.0
1566,47.6501,-122.365,849000.0
1567,47.6832,-122.343,696500.0
1568,47.585057142857146,-122.159,641000.0
1569,47.3314,-122.2445,152500.0
1570,47.5121,-122.248,869000.0
1571,47.6843,-122.016,955990.0
1572,47.637,-122.367,783200.0
1573,47.6455,-122.14557142857143,712028.2857142857
1574,47.2853,-122.265,215500.0
1575,47.558,-122.265,836500.0
1576,47.6883,-122.168,649800.0
1577,47.6904,-122.102,596500.0
1578,47.3592,-122.315,149500.0
1579,47.5651,-122.223,970500.0
1580,47.3076,-122.362,136500.0
1581,47.58175,-122.2975,677500.0
1582,47.599675,-122.26775,752000.0
1583,47.7605,-122.217,385500.0
1584,47.685,-122.36,579500.0
1585,47.6701,-122.288,686500.0
1586,47.6667,-122.327,961000.0
1587,47.2932,-122.2005,124620.0
1588,47.643249999999995,-122.0785,534570.0
1589,47.6481,-122.405,967500.0
1590,47.5599,-122.108,915557.0
1591,47.6954,-122.103,843000.0
1592,47.6981,-122.368,740500.0
1593,47.415533333333336,-122.23766666666667,260668.6666666667
1594,47.4388,-122.328,154500.0
1595,47.50174,-122.22548,339999.7200000001
1596,47.5794,-122.03,724500.0
1597,47.6539,-122.351,586500.0
1598,47.6267,-122.046,588500.0
1599,47.6455,-122.409,978500.0
1600,47.53605,-122.17150000000001,203700.0
1601,47.6069,-122.167,768500.0
1602,47.703,-122.281,549500.0
1603,47.6784,-122.304,663500.0
1604,47.4797,-122.358,621500.0
1605,47.5931,-122.178,800500.0
1606,47.679522222222225,-122.26955555555556,445994.44444444444
1607,47.5527,-122.12,796500.0
1608,47.636,-122.301,952500.0
1609,47.6416,-122.361,570500.0
1610,47.5795,-122.29,877500.0
1611,47.6144,-122.167,744500.0
1612,47.536,-121.877,538500.0
1613,47.6877,-122.283,737500.0
1614,47.6104,-122.303,863500.0
1615,47.5313,-122.074,825750.0
1616,47.60785,-122.105,725998.75
1617,47.45,-122.377,988500.0
1618,47.7014,-122.313,574500.0
1619,47.49068333333334,-122.25216666666667,263533.3333333334
1620,47.6944,-122.274,691500.0
1621,47.6888,-122.199,776500.0
1622,47.6034,-122.172,851500.0
1623,47.6768,-122.363,898500.0
1624,47.5508,-122.268,598200.0
1625,47.496,-122.317,109500.0
1626,47.5366,-122.359,209500.0
1627,47.613,-122.167,813500.0
1628,47.5971,-122.295,474500.0
1629,47.52828,-122.307,346500.0
1630,47.5563,-122.219,993500.0
1631,47.572825,-122.30575,438500.0
1632,47.5318,-122.224,957500.0
1633,47.7351,-122.295,682500.0
1634,47.5397,-122.072,909500.0
1635,47.7325,-122.165,995500.0
1636,47.6996,-122.391,715500.0
1637,47.6685,-122.137,766000.0
1638,47.627,-122.303,799500.0
1639,47.6825,-122.379,591500.0
1640,47.6756,-122.305,656500.0
1641,47.5596,-122.016,846450.0
1642,47.512660000000004,-122.176,335545.19999999995
1643,47.6328,-122.174,617450.0
1644,47.5635,-122.032,948000.0
1645,47.5851,-122.028,629500.0
1646,47.391866666666665,-122.28366666666666,162983.3333333333
1647,47.32,-122.278,132500.0
1648,47.6702,-122.3,826600.0
1649,47.64626,-122.3364,496000.0
1650,47.39282,-122.24980000000001,196980.0
1651,47.658,-122.22966666666667,627416.6666666666
1652,47.4819,-122.289,150550.0
1653,47.5469,-122.194,818500.0
1654,47.5818,-121.996,914500.0
1655,47.4766,-121.735,594491.0
1656,47.6459,-122.259,395325.0
1657,47.6424,-122.36375,767487.5
1658,47.44305287356322,-122.22726436781609,270000.0000000001
1659,47.3477,-122.18133333333334,266496.6666666667
1660,47.4049,-122.21833333333333,368500.0
1661,47.5816,-122.296,585444.0
1662,47.5173,-122.385,473600.0
1663,47.6386,-122.25919999999999,734000.0
1664,47.437753846153846,-122.21076923076923,253999.99999999994
1665,47.355325,-122.21475,218487.5
1666,47.3729,-122.115,166600.0
1667,47.5493,-121.993,705380.0
1668,47.3581,-122.173,206600.0
1669,47.5207,-122.27166666666666,286297.6666666667
1670,47.5655,-122.394,451555.0
1671,47.6738,-122.297,618500.0
1672,47.7046,-122.123,942990.0
1673,47.45386666666666,-122.26,173000.0
1674,47.54006666666667,-122.026,288790.0
1675,47.663,-122.215375,592500.0
1676,47.621,-122.151,801501.0
1677,47.34135,-122.131,163500.0
1678,47.6691,-122.402,609500.0
1679,47.439476,-122.21628,299903.20000000007
1680,47.3438,-122.037,156601.0
1681,47.3156,-122.128,146300.0
1682,47.6018,-122.073,797500.0
1683,47.2866,-122.221,179500.0
1684,47.56896666666667,-122.235,502517.0
1685,47.445499999999996,-122.16,379760.0
1686,47.7132,-122.032,550285.0
1687,47.3489,-122.306,235500.0
1688,47.59999,-122.18455,819999.75
1689,47.6468,-122.116,933399.0
1690,47.5962,-122.288,642450.0
1691,47.59036666666667,-122.32033333333334,405533.3333333334
1692,47.4888,-122.332,276500.0
1693,47.3159,-122.183,143000.0
1694,47.4683,-122.281,171000.0
1695,47.489,-122.14,551500.0
1696,47.47741071428572,-122.23803571428572,329926.2142857143
1697,47.54132258064516,-122.23231182795699,359999.9784946237
1698,47.38540169491525,-122.22596610169491,215002.54237288143
1699,47.6907,-122.161,857000.0
1700,47.61866419753086,-122.24267901234568,465000.0
1701,47.483335,-122.2199,324942.5
1702,47.3613,-122.087,175409.0
1703,47.62485,-122.262,509500.0
1704,47.59714,-122.22200000000001,456500.0
1705,47.5183,-121.886,633634.0
1706,47.67985,-122.051,789500.0
1707,47.571441176470586,-122.23923529411765,549923.5294117647
1708,47.4838,-122.335,228500.0
1709,47.29435,-122.0695,256726.5
1710,47.664,-122.17866666666666,411756.0
1711,47.3768,-122.028,428400.0
1712,47.41815,-122.202,356225.0
1713,47.4809,-122.241,183750.0
1714,47.49726666666667,-121.86366666666666,533310.0
1715,47.6423,-122.37,792500.0
1716,47.4837,-122.25883333333333,324491.6666666667
1717,47.6072,-122.054,852880.0
1718,47.430364705882354,-122.2574705882353,249917.64705882355
1719,47.6058,-122.24166666666666,336766.6666666667
1720,47.5983,-122.2,990400.0
1721,47.41127358490566,-122.21081132075471,200001.5660377359
1722,47.6771,-122.319,794500.0
1723,47.573566666666665,-122.189,507233.3333333333
1724,47.4461,-121.768,220650.0
1725,47.4136,-122.318,189650.0
1726,47.6748,-122.352,688500.0
1727,47.48625,-122.2535,290500.0
1728,47.3825,-122.1995,247225.0
1729,47.457966666666664,-122.22666666666666,208439.0
1730,47.60426666666667,-122.24933333333334,419570.8333333334
1731,47.6053,-122.2225,495500.0
1732,47.447199999999995,-122.2025,251725.0
1733,47.6521347826087,-122.24578260869565,519999.67391304346
1734,47.4831,-121.773,484259.0
1735,47.37786666666667,-122.339,250241.6666666667
1736,47.7548,-122.305,383610.0
1737,47.6518,-122.123,684680.0
1738,47.6431,-122.2,516193.3333333333
1739,47.5348,-122.19066666666667,303500.0
1740,47.5429,-122.2788,352800.0
1741,47.6286,-122.24333333333334,598000.0
1742,47.4572,-122.167,206325.0
1743,47.7227,-122.1045,420225.0
1744,47.41655,-122.255,252725.0
1745,47.443312500000005,-122.193875,349888.75
1746,47.426950000000005,-122.294,219500.0
1747,47.73275,-122.275,614295.5
1748,47.597,-122.292,934550.0
1749,47.4514,-122.178,145600.0
1750,47.6847,-122.381,466500.0
1751,47.67975,-122.19999999999999,475540.0
1752,47.64495,-122.363,979700.0
1753,47.6188,-122.308,739375.0
1754,47.62125,-122.294,563237.5
1755,47.58658571428572,-122.24657142857143,399941.3142857143
1756,47.455133333333336,-122.28833333333334,302260.6666666667
1757,47.69585,-122.34,417225.0
1758,47.515633333333334,-122.14766666666667,333753.3333333334
1759,47.5683,-122.177,719521.0
1760,47.608171014492754,-122.23885507246376,535001.4492753623
1761,47.63035,-122.26950000000001,689847.0
1762,47.59905,-122.1115,487262.5
1763,47.3036,-122.363,133400.0
1764,47.5919,-122.175,685650.0
1765,47.55,-122.379,361280.0
1766,47.37283333333333,-122.15066666666667,176000.0
1767,47.65585,-122.199,546500.0
1768,47.7042,-122.107,734500.0
1769,47.3891,-122.282,221700.0
1770,47.3745,-122.231,176500.0
1771,47.5503,-122.081,847700.0
1772,47.69296666666667,-122.18433333333333,326179.3333333334
1773,47.60312727272727,-122.2579090909091,367500.0
1774,47.4927,-122.248,221347.0
1775,47.483999999999995,-122.247,378775.0
1776,47.6648,-122.358,754300.0
1777,47.5374,-122.388,925500.0
1778,47.6244,-122.109,556300.0
1779,47.7237,-122.3495,422250.0
1780,47.5296,-122.375,400375.0
1781,47.5109,-122.21950000000001,538225.0
1782,47.4564,-122.352,320600.0
1783,47.6335,-122.281,635225.0
1784,47.3566,-122.32,604700.0
1785,47.6847,-122.368,703300.0
1786,47.5007,-122.382,641500.0
1787,47.6305,-121.99000000000001,552285.5
1788,47.4949,-122.239,264250.0
1789,47.535399999999996,-122.31866666666667,284816.6666666667
1790,47.6888,-122.251,466775.0
1791,47.55355,-122.1945,276721.5
1792,47.55855,-122.26150000000001,311400.0
1793,47.4349,-122.328,600600.0
1794,47.637,-122.09700000000001,593738.5
1795,47.5137,-122.169,610360.0
1796,47.5539,-121.996,728725.0
1797,47.443127272727274,-122.18045454545455,429900.0
1798,47.2583,-122.198,309780.0
1799,47.708600000000004,-122.065,754821.0
1800,47.7721,-122.372,525300.0
1801,47.61878,-122.0474,699870.0
1802,47.67491,-122.1874,536000.0
1803,47.5429,-122.387,451300.0
1804,47.58965,-122.2145,424272.5
1805,47.39765,-122.075,426500.0
1806,47.72995,-122.30199999999999,409500.0
1807,47.558099999999996,-122.143,598810.0
1808,47.51605,-122.122,331251.0
1809,47.607,-122.053,864327.0
1810,47.7728,-122.386,668750.0
1811,47.5835,-122.313,853800.0
1812,47.4682119047619,-122.22507142857143,299000.0000000001
1813,47.5623,-122.109,703770.0
1814,47.7001,-122.351,486700.0
1815,47.3073,-122.395,299250.0
1816,47.464600000000004,-122.343,291766.6666666667
1817,47.54426111111111,-122.23444444444445,379927.7777777778
1818,47.5526,-121.998,351358.0
1819,47.7611,-122.233,365250.0
1820,47.41846666666667,-122.101,286717.0
1821,47.6376,-121.97800000000001,453248.0
1822,47.673500000000004,-122.396,443737.5
1823,47.6772,-122.399,866800.0
1824,47.5279,-122.199,649500.0
1825,47.640550000000005,-122.35849999999999,355250.0
1826,47.42305,-122.21365,279930.00000000006
1827,47.26105,-122.2635,297281.0
1828,47.5818,-122.047,914154.0
1829,47.54595,-122.28399999999999,278775.0
1830,47.6372,-122.154,732550.0
1831,47.5297,-122.073,839704.0
1832,47.6797,-122.2405,887000.0
1833,47.570566666666664,-122.09366666666666,908980.0
1834,47.7271,-122.159,389750.0
1835,47.7043,-122.114,745641.0
1836,47.417950000000005,-122.262,284200.0
1837,47.4305,-122.157,151600.0
1838,47.6191,-122.043,368250.0
1839,47.697900000000004,-122.208,339287.5
1840,47.61121428571428,-122.25375,499941.85714285716
1841,47.69175,-122.2415,392800.0
1842,47.6779,-122.294,921500.0
1843,47.759299999999996,-121.94200000000001,289237.5
1844,47.5028,-122.148,515752.5
1845,47.6662,-122.083,637250.0
1846,47.581050000000005,-122.1245,442225.0
1847,47.35765,-122.29400000000001,182000.0
1848,47.5729,-122.302,446800.0
1849,47.41215555555556,-122.14922222222222,251000.0
1850,47.6755,-122.23599999999999,907500.0
1851,47.7146,-122.311,316750.0
1852,47.5535,-122.395,838000.0
1853,47.3386,-122.319,318700.0
1854,47.603,-122.289,783500.0
1855,47.6696,-122.324,667750.0
1856,47.3492,-122.034,275250.0
1857,47.44195,-122.156,290725.0
1858,47.6078,-122.202,798500.0
1859,47.5885,-122.245,713250.0
1860,47.44155,-122.1997,321002.69999999995
1861,47.6229,-122.201,932804.0
1862,47.4787,-122.158,274250.0
1863,47.312349999999995,-122.359,187500.0
1864,47.2633,-122.244,194250.0
1865,47.6455,-122.38300000000001,550500.0
1866,47.3518,-122.2028,274895.0
1867,47.41825,-122.13749999999999,524237.5
1868,47.3109,-122.377,285500.0
1869,47.5219,-122.3235,298750.0
1870,47.5006,-122.334,158800.0
1871,47.494725,-122.232,359795.5
1872,47.57285,-122.15350000000001,465750.0
1873,47.422650000000004,-122.33949999999999,258775.0
1874,47.5489,-122.3455,385197.5
1875,47.46835,-122.2475,313250.0
1876,47.38198333333333,-122.22216666666667,219938.888888889
1877,47.588,-122.118,561750.0
1878,47.6755,-122.37,576250.0
1879,47.5888,-122.294,353250.0
1880,47.1949,-121.989,231200.0
1881,47.4828,-122.324,123000.0
1882,47.5529,-122.12,751305.0
1883,47.6508,-122.1764,678020.0
1884,47.630849999999995,-122.1605,963000.0
1885,47.6533,-122.192,705640.0
1886,47.5824,-122.384,661254.0
1887,47.6872,-122.351,428750.0
1888,47.4535,-122.21117647058824,259932.3529411765
1889,47.514725,-122.261,294425.0
1890,47.696650000000005,-122.17349999999999,412191.5
1891,47.40385,-122.307,216240.0
1892,47.5484,-122.287,236500.0
1893,47.59655,-122.08449999999999,637825.0
1894,47.699,-122.35,259250.0
1895,47.7307,-122.29,403250.0
1896,47.65615,-122.202,546800.0
1897,47.2981,-122.374,204250.0
1898,47.7752,-122.285,537250.0
1899,47.349199999999996,-122.258,283200.0
1900,47.3522,-122.201,485230.0
1901,47.51945,-122.1845,283724.0
1902,47.5619,-122.382,401750.0
1903,47.43273157894737,-122.24357894736842,289942.1052631579
1904,47.6592,-122.231,431700.0
1905,47.6396,-122.154,357218.0
1906,47.5767,-122.233,648752.0
1907,47.5344,-122.381,389250.0
1908,47.441925,-122.2105,338875.0
1909,47.541,-122.32300000000001,398700.5
1910,47.6067,-122.022,884744.0
1911,47.70605,-122.265,402250.0
1912,47.7423,-122.099,414250.0
1913,47.6911,-122.367,314200.0
1914,47.395633333333336,-122.23073333333333,229926.66666666674
1915,47.4082,-122.1765,471792.5
1916,47.6801,-122.315,618250.0
1917,47.634299999999996,-122.3315,267800.0
1918,47.53175,-122.3155,370289.0
1919,47.467,-122.2385,362331.0
1920,47.66,-122.282,815241.0
1921,47.60135,-122.0375,616250.0
1922,47.7338,-122.309,366750.0
1923,47.7566,-122.337,415250.0
1924,47.3898,-122.2625,213737.5
1925,47.7127,-122.216,825500.0
1926,47.685,-122.039,625250.0
1927,47.3473,-122.037,260250.0
1928,47.3019,-122.216,128750.0
1929,47.3734,-122.119,322200.0
1930,47.4581,-122.2615,268696.5
1931,47.498666666666665,-122.275,216633.33333333337
1932,47.2966,-122.348,430236.0
1933,47.3507,-122.291,341780.0
1934,47.5521,-121.998,404763.0
1935,47.4756,-122.174,162248.0
1936,47.5537,-122.026,563750.0
1937,47.695,-122.176,488250.0
1938,47.578375,-122.063,439872.0
1939,47.61163846153846,-122.19746153846154,539938.4615384615
1940,47.459900000000005,-122.15950000000001,324773.5
1941,47.5959,-122.21799999999999,406600.0
1942,47.7022,-122.021,391265.0
1943,47.5658,-122.018,432250.0
1944,47.6913,-122.381,510250.0
1945,47.5602,-122.28,590300.0
1946,47.6388,-122.302,632750.0
1947,47.6801,-122.348,441750.0
1948,47.5185,-122.345,210750.0
1949,47.538399999999996,-122.0265,423750.0
1950,47.4096,-122.329,394250.0
1951,47.7128,-122.306,315275.0
1952,47.43005,-122.1875,369230.0
1953,47.3788,-122.316,325250.0
1954,47.4238,-122.28399999999999,250775.0
1955,47.6885,-122.113,573000.0
1956,47.6505,-122.39,951250.0
1957,47.6275,-122.17150000000001,455825.0
1958,47.6944,-122.102,872750.0
1959,47.7352,-122.337,305240.0
1960,47.6769,-122.177,817250.0
1961,47.59935,-122.2885,619820.0
1962,47.55085,-122.3805,543157.5
1963,47.456715384615386,-122.18138461538462,374942.3076923077
1964,47.64215,-122.012,498744.0
1965,47.51188695652174,-122.21773913043478,349950.0
1966,47.60495,-121.993,427837.0
1967,47.5261,-122.266,426250.0
1968,47.5903,-122.213,463814.0
1969,47.6451,-122.319,982218.0
1970,47.4761,-122.287,196700.0
1971,47.6819,-122.287,615500.0
1972,47.3527,-121.999,278226.0
1973,47.6372,-122.324,653500.0
1974,47.5517,-122.276,381156.0
1975,47.3347,-122.325,340768.0
1976,47.72295,-122.357,440200.0
1977,47.643150000000006,-122.214,557832.5
1978,47.4472,-122.201,332007.69230769237
1979,47.6282,-122.2165,599938.0
1980,47.46605,-122.273,479274.5
1981,47.3944,-122.17161538461538,273011.3846153846
1982,47.5051,-122.338,152275.0
1983,47.564499999999995,-122.3335,496776.0
1984,47.61863846153846,-122.29084615384615,427000.3846153846
1985,47.7291,-122.337,304700.0
1986,47.2606,-122.253,235245.0
1987,47.37465,-122.271,295766.0
1988,47.5614,-122.2735,358801.5
1989,47.566,-122.373,277284.0
1990,47.6419,-122.368,808250.0
1991,47.6465,-122.395,469775.0
1992,47.61995,-122.208,597500.0
1993,47.6879,-122.107,837000.0
1994,47.52575,-122.0445,362814.5
1995,47.5688,-122.317,577288.0
1996,47.6592,-122.349,587206.0
1997,47.56726666666667,-122.193,449944.44444444444
1998,47.63055,-122.2615,527700.0
1999,47.5636,-122.094,530200.0
